observer,date,location,start_time,end_time,species_ves,count_ves,comments_ves
Brandon Hoenig,2022-05-26,Wood Lab Pond,20:57:00,21:17:00,Rana catesbeiana,1,NA
Brandon Hoenig,2022-05-26,Wood Lab Pond,20:57:00,21:17:00,Rana clamitans,1,NA
Brandon Hoenig,2022-05-26,Wood Lab Pond,20:57:00,21:17:00,Rana catesbeiana,2,NA
Emily Jolly,2022-05-26,Wood Lab Pond,20:57:00,21:17:00,Rana catesbeiana,1,NA
Emily Jolly,2022-05-26,Wood Lab Pond,20:57:00,21:17:00,Rana clamitans,1,NA
Emily Jolly,2022-05-27,Wood Lab Pond,20:43:00,NA,Rana catesbeiana,1,NA
Emily Jolly,2022-05-27,Wood Lab Pond,20:43:00,NA,Rana clamitans,1,NA
Brandon Hoenig,2022-05-27,Wood Lab Pond,20:43:00,20:56:00,Rana clamitans,1,NA
Brandon Hoenig,2022-05-27,Wood Lab Pond,20:43:00,20:56:00,Rana catesbeiana,1,NA
Shane Robertson,2022-05-26,Wood Lab Pond,20:58:00,21:17:00,Rana clamitans,1,NA
Brandon Hoenig,2022-06-03,Phelps Pond,20:59:00,21:25:00,Rana catesbeiana,1,NA
Brandon Hoenig,2022-06-03,Phelps Pond,20:59:00,21:25:00,Rana catesbeiana,5,NA
Brandon Hoenig,2022-06-03,Phelps Pond,20:59:00,21:25:00,Rana clamitans,1,NA
Emily Jolly,2022-06-03,Phelps Pond,20:59:00,21:25:00,Rana catesbeiana,1,NA
Emily Jolly,2022-06-14,Tuttle Pond,21:18:00,21:38:00,Rana clamitans,1,NA
Emily Jolly,2022-06-14,Tuttle Pond,21:18:00,21:38:00,Rana catesbeiana,1,NA
Emily Jolly,2022-06-14,Tuttle Pond,21:18:00,21:38:00,Rana pipiens,1,NA
Brandon Hoenig,2022-06-03,NA,20:57:00,21:26:00,Rana catesbeiana,1,NA
Brandon Hoenig,2022-06-03,NA,20:57:00,21:26:00,Rana clamitans,1,NA
Brandon Hoenig,2022-06-14,Tuttle Pond,21:15:00,21:35:00,Rana catesbeiana,1,NA
Brandon Hoenig,2022-06-14,Tuttle Pond,21:15:00,21:35:00,Rana clamitans,1,NA
Brandon Hoenig,2022-06-14,Tuttle Pond,21:15:00,21:35:00,Rana pipiens,1,NA
Brandon Hoenig,2022-06-14,Tuttle Pond,21:15:00,21:35:00,Rana catesbeiana,4,NA
Brandon Hoenig,2022-06-14,Tuttle Pond,21:15:00,21:35:00,Rana clamitans,3,NA
Brandon Hoenig,2022-06-15,Tuttle Pond,21:33:00,21:56:00,Rana catesbeiana,1,NA
Brandon Hoenig,2022-06-15,Tuttle Pond,21:33:00,21:56:00,Rana clamitans,1,NA
Brandon Hoenig,2022-06-15,Tuttle Pond,21:33:00,21:56:00,Rana clamitans,2,NA
Brandon Hoenig,2022-06-15,Tuttle Pond,21:33:00,21:56:00,Rana clamitans,3,NA
Myah Madril,2022-06-27,Vorisek Pond,22:14:00,22:34:00,Rana catesbeiana,1,NA
Myah Madril,2022-06-27,Vorisek Pond,22:14:00,22:34:00,Rana clamitans,2,NA
Myah Madril,2022-06-27,Vorisek Pond,22:14:00,22:34:00,Rana clamitans,1,NA
Myah Madril,2022-06-27,Vorisek Pond,22:14:00,22:34:00,Rana catesbeiana,2,NA
Brandon Hoenig,2022-06-27,Vorisek Pond,22:16:00,22:34:00,Rana clamitans,2,NA
Brandon Hoenig,2022-06-27,Vorisek Pond,22:16:00,22:34:00,Rana catesbeiana,1,NA
Brandon Hoenig,2022-06-27,Vorisek Pond,22:16:00,22:34:00,Rana clamitans,1,NA
Sydney Dawson,2022-06-27,Vorisek Pond,22:14:00,NA,Rana clamitans,1,Unsure of the accuracy of this survey
Sydney Dawson,2022-06-27,Vorisek Pond,22:14:00,NA,Rana clamitans,2,NA
Sydney Dawson,2022-06-27,Vorisek Pond,22:14:00,NA,Rana clamitans,1,NA
Sydney Dawson,2022-06-27,Vorisek Pond,22:14:00,NA,Rana catesbeiana,1,NA
Sydney Dawson,2022-07-11,RV Pond,21:39:00,22:03:00,Rana catesbeiana,1,NA
Sydney Dawson,2022-07-11,RV Pond,21:39:00,22:03:00,Rana clamitans,1,NA
Sydney Dawson,2022-07-11,RV Pond,21:39:00,22:03:00,Rana catesbeiana,4,NA
Sydney Dawson,2022-07-11,RV Pond,21:39:00,22:03:00,Rana clamitans,2,NA
Sydney Dawson,2022-07-11,RV Pond,21:39:00,22:03:00,Rana catesbeiana,2,NA
Sydney Dawson,2022-07-11,RV Pond,21:39:00,22:03:00,Rana catesbeiana,3,NA
Sydney Dawson,2022-07-11,RV Pond,21:39:00,22:03:00,Rana clamitans,3,NA
Sydney Dawson,2022-07-11,RV Pond,21:39:00,22:03:00,Rana clamitans,4,NA
Sydney Dawson,2022-07-11,RV Pond,21:39:00,22:03:00,Rana clamitans,5,NA
Myah Madril,2022-07-11,RV Pond,21:40:00,22:02:00,Rana clamitans,2,NA
Myah Madril,2022-07-11,RV Pond,21:40:00,22:02:00,Rana catesbeiana,1,NA
Myah Madril,2022-07-11,RV Pond,21:40:00,22:02:00,Rana clamitans,1,NA
Myah Madril,2022-07-11,RV Pond,21:40:00,22:02:00,Rana catesbeiana,2,NA
Myah Madril,2022-07-11,RV Pond,21:40:00,22:02:00,Rana catesbeiana,5,NA
Myah Madril,2022-07-11,RV Pond,21:40:00,22:02:00,Rana catesbeiana,3,NA
Myah Madril,2022-07-11,RV Pond,21:40:00,22:02:00,Rana catesbeiana,4,NA
Brandon Hoenig,2022-07-11,RV Pond,21:40:00,22:02:00,Rana clamitans,3,Easily over 200 frogs in total.
Brandon Hoenig,2022-07-11,RV Pond,21:40:00,22:02:00,Rana clamitans,7,NA
Brandon Hoenig,2022-07-11,RV Pond,21:40:00,22:02:00,Rana catesbeiana,3,NA
Brandon Hoenig,2022-07-11,RV Pond,21:40:00,22:02:00,Rana clamitans,1,NA
Brandon Hoenig,2022-07-11,RV Pond,21:40:00,22:02:00,Rana catesbeiana,1,NA
Brandon Hoenig,2022-07-11,RV Pond,21:40:00,22:02:00,Rana clamitans,3,NA
Brandon Hoenig,2022-07-11,RV Pond,21:40:00,22:02:00,Rana catesbeiana,9,NA
Brandon Hoenig,2022-07-11,RV Pond,21:40:00,22:02:00,Rana clamitans,20,NA
Brandon Hoenig,2022-07-11,RV Pond,21:40:00,22:02:00,Rana catesbeiana,10,NA
Brandon Hoenig,2022-07-11,RV Pond,21:40:00,22:02:00,Rana clamitans,6,NA
Brandon Hoenig,2022-07-11,RV Pond,21:40:00,22:02:00,Rana catesbeiana,5,NA
Brandon Hoenig,2022-07-11,RV Pond,21:40:00,22:02:00,Rana clamitans,10,NA
Brandon Hoenig,2022-07-11,RV Pond,21:40:00,22:02:00,Rana clamitans,2,NA
Brandon Hoenig,2022-07-11,RV Pond,21:40:00,22:02:00,Rana catesbeiana,4,NA
Brandon Hoenig,2022-07-11,RV Pond,21:40:00,22:02:00,Rana clamitans,5,NA
Brandon Hoenig,2022-07-11,RV Pond,21:40:00,22:02:00,Rana catesbeiana,6,NA
Brandon Hoenig,2022-07-11,RV Pond,21:40:00,22:02:00,Rana clamitans,8,NA
Myah Madril,2022-07-18,Tuttle Pond,21:30:00,21:52:00,Rana clamitans,1,NA
Myah Madril,2022-07-18,Tuttle Pond,21:30:00,21:52:00,Rana catesbeiana,1,NA
Myah Madril,2022-07-18,Tuttle Pond,21:30:00,21:52:00,Rana catesbeiana,3,NA
Myah Madril,2022-07-18,Tuttle Pond,21:30:00,21:52:00,Rana clamitans,6,NA
Myah Madril,2022-07-18,Tuttle Pond,21:30:00,21:52:00,Rana clamitans,3,NA
Myah Madril,2022-07-18,Tuttle Pond,21:30:00,21:52:00,Rana clamitans,2,NA
Myah Madril,2022-07-18,Tuttle Pond,21:30:00,21:52:00,Rana catesbeiana,4,NA
Myah Madril,2022-07-18,Tuttle Pond,21:30:00,21:52:00,Rana catesbeiana,2,NA
Myah Madril,2022-07-18,Tuttle Pond,21:30:00,21:52:00,Rana catesbeiana,5,NA
Myah Madril,2022-07-18,Tuttle Pond,21:30:00,21:52:00,Rana catesbeiana,7,NA
Brandon Hoenig,2022-07-18,Tuttle Pond,21:30:00,21:52:00,Rana catesbeiana,2,NA
Brandon Hoenig,2022-07-18,Tuttle Pond,21:30:00,21:52:00,Rana catesbeiana,1,NA
Brandon Hoenig,2022-07-18,Tuttle Pond,21:30:00,21:52:00,Rana clamitans,3,NA
Brandon Hoenig,2022-07-18,Tuttle Pond,21:30:00,21:52:00,Rana clamitans,1,NA
Brandon Hoenig,2022-07-18,Tuttle Pond,21:30:00,21:52:00,Rana clamitans,8,NA
Brandon Hoenig,2022-07-18,Tuttle Pond,21:30:00,21:52:00,Rana catesbeiana,8,NA
Brandon Hoenig,2022-07-18,Tuttle Pond,21:30:00,21:52:00,Rana catesbeiana,5,NA
Brandon Hoenig,2022-07-18,Tuttle Pond,21:30:00,21:52:00,Rana catesbeiana,12,NA
Brandon Hoenig,2022-07-18,Tuttle Pond,21:30:00,21:52:00,Rana clamitans,6,NA
