observer,date,location,start_time,end_time,time_of_capture,body_temperature,microhabitat_type,microhabitat_temperature,species_capture,life_stage,sex,bd_swab_tube_id,dry_swab_tube_id,crispr_swab_tube_id,bacterial_swab_tube_id,mucusome_id,amp_id_1,amp_id_2,amp_id_3,amp_id_4,antibody_id_1,antibody_id_2,antibody_id_3,antibody_id_4,toe_clip_tube_id,capture_comments
Emily Jolly,2022-05-19,Admin Pond,19:31:00,22:59:00,21:03:00,19.2,Water,18.8,Rana catesbeiana,NA,NA,2022-05-19 admin raca#24,NA,NA,NA,NA,NA,NA,NA,NA,NA,NA,NA,NA,NA,NA
Brandon Hoenig,2022-05-19,Admin Pond,20:59:00,22:59:00,21:08:00,18.2,Emergent Vegetation (Lower than 1m),18.4,Pseudacris crucifer,Adult,Male,2022-05-19-admin-pscr6,NA,NA,2022-05-19-admin-pscr6,2022-05-19-admin-pscr6,NA,NA,NA,NA,NA,NA,NA,NA,NA,NA
Emily Jolly,2022-05-19,Admin Pond,19:31:00,22:59:00,21:09:00,18.3,Tree/Log/Bush (Lower than 1m),17.5,Rana pipiens,NA,NA,2022-05-19 admin rapi#27,NA,NA,NA,NA,NA,NA,NA,NA,NA,NA,NA,NA,NA,NA
Brandon Hoenig,2022-05-19,Admin Pond,20:59:00,22:59:00,21:11:00,18.2,Emergent Vegetation (Lower than 1m),18.2,Pseudacris crucifer,Adult,Male,2022-05-19-admin-pscr5,NA,NA,2022-05-19-admin-pscr5,2022-05-19-admin-pscr5,NA,NA,NA,NA,NA,NA,NA,NA,NA,NA
Emily Jolly,2022-05-19,Admin Pond,19:31:00,22:59:00,21:12:00,18,Water,17.9,Rana catesbeiana,NA,NA,2022-05-19 admin raca#19,NA,NA,NA,NA,NA,NA,NA,NA,NA,NA,NA,NA,NA,NA
Emily Jolly,2022-05-19,Admin Pond,19:31:00,22:59:00,21:17:00,18.2,Water,18.2,Rana catesbeiana,Juvenile,Unknown,2022-05-18-admin-raca10,NA,NA,2022-05-18-admin-raca10,NA,NA,NA,NA,NA,NA,NA,NA,NA,NA,NA
Brandon Hoenig,2022-05-19,Admin Pond,20:59:00,22:59:00,21:18:00,18.2,Tree/Log/Bush (Lower than 1m),18.2,Pseudacris crucifer,Adult,Male,2022-05-19-admin-pscr4,NA,NA,2022-05-19-admin-pscr4,2022-05-19-admin-pscr4,NA,NA,NA,NA,NA,NA,NA,NA,NA,NA
Emily Jolly,2022-05-19,Admin Pond,19:31:00,22:59:00,21:21:00,18.2,Water,18.3,Rana catesbeiana,Juvenile,Unknown,2022-05-19 admin raca#15,NA,NA,2022-05-19 admin raca#15,NA,NA,NA,NA,NA,NA,NA,NA,NA,NA,NA
Emily Jolly,2022-05-19,Admin Pond,19:31:00,22:59:00,21:25:00,18.1,Water,18,Rana pipiens,NA,NA,2022-05-19 admin rapi#29,NA,NA,NA,NA,NA,NA,NA,NA,NA,NA,NA,NA,NA,NA
Emily Jolly,2022-05-19,Admin Pond,19:31:00,22:59:00,21:28:00,18.3,Water,18.3,Rana catesbeiana,NA,NA,2022-05-19 admin raca#26,NA,NA,NA,NA,NA,NA,NA,NA,NA,NA,NA,NA,NA,NA
Emily Jolly,2022-05-19,Admin Pond,19:31:00,22:59:00,21:32:00,17.8,Water,18,Rana pipiens,Adult,Female,2022-08-15-admin-rapi3,NA,NA,2022-08-15-admin-rapi3,2022-08-15-admin-rapi3,NA,NA,NA,NA,NA,NA,NA,NA,NA,NA
Brandon Hoenig,2022-05-19,Admin Pond,20:59:00,22:59:00,21:34:00,19.4,Water,19.7,Rana catesbeiana,NA,NA,2022-05-19 admin raca#22,NA,NA,NA,NA,NA,NA,NA,NA,NA,NA,NA,NA,NA,NA
Emily Jolly,2022-05-19,Admin Pond,19:31:00,22:59:00,21:37:00,17.6,Water,17.8,Rana pipiens,Adult,Female,2022-05-19-admin-rapi1,NA,NA,2022-05-19-admin-rapi1,2022-05-19-admin-rapi1,NA,NA,NA,NA,NA,NA,NA,NA,NA,NA
Brandon Hoenig,2022-05-19,Admin Pond,20:59:00,22:59:00,21:43:00,20.1,Water,20.4,Rana catesbeiana,Adult,Female,2022-05-19-admin-raca8,NA,NA,2022-05-19-admin-raca8,NA,NA,NA,NA,NA,NA,NA,NA,NA,NA,NA
Emily Jolly,2022-05-19,Admin Pond,19:31:00,22:59:00,21:45:00,17.7,Water,17.8,Rana catesbeiana,NA,NA,NA,NA,NA,2022-05-19 admin raca#23,NA,NA,NA,NA,NA,NA,NA,NA,NA,NA,NA
Brandon Hoenig,2022-05-19,Admin Pond,20:59:00,22:59:00,21:47:00,18.6,Wet ground,18.8,Rana pipiens,Adult,Female,2022-08-19-admin-rapi2,NA,NA,2022-08-19-admin-rapi2,2022-08-19-admin-rapi2,NA,NA,NA,NA,NA,NA,NA,NA,NA,NA
Emily Jolly,2022-05-19,Admin Pond,19:31:00,22:59:00,21:48:00,17.9,Water,18.1,Rana catesbeiana,NA,NA,2022-05-19 admin raca#25,NA,NA,NA,NA,NA,NA,NA,NA,NA,NA,NA,NA,NA,NA
Emily Jolly,2022-05-19,Admin Pond,19:31:00,22:59:00,21:52:00,18.2,Water,18.3,Rana catesbeiana,Juvenile,Unknown,2022-05-19 admin raca#17,NA,NA,2022-05-19 admin raca#17,NA,NA,NA,NA,NA,NA,NA,NA,NA,NA,NA
Emily Jolly,2022-05-19,Admin Pond,19:31:00,22:59:00,21:55:00,18.2,Water,18.3,Rana catesbeiana,NA,NA,2022-05-19 admin raca#21,NA,NA,NA,NA,NA,NA,NA,NA,NA,NA,NA,NA,NA,NA
Emily Jolly,2022-05-19,Admin Pond,19:31:00,22:59:00,22:03:00,18.4,Water,18.5,Rana catesbeiana,NA,NA,2022-05-19 admin racA#20,NA,NA,NA,NA,NA,NA,NA,NA,NA,NA,NA,NA,NA,NA
Brandon Hoenig,2022-05-19,Admin Pond,20:59:00,22:59:00,22:20:00,19.4,Water,19.6,Rana catesbeiana,Juvenile,Unknown,2022-05-19-admin-raca9,NA,NA,2022-05-19-admin-raca9,NA,NA,NA,NA,NA,NA,NA,NA,NA,NA,NA
Emily Jolly,2022-05-19,Admin Pond,19:31:00,22:59:00,22:21:00,17.9,Emergent Vegetation (Higher than 1m),18.2,Rana pipiens,NA,NA,2022-05-19 admin rapi#28,NA,NA,NA,NA,NA,NA,NA,NA,NA,NA,NA,NA,NA,NA
Emily Jolly,2022-05-19,Admin Pond,19:31:00,22:59:00,22:24:00,18.2,Water,18.3,Rana catesbeiana,NA,NA,2022-05-19 admin raca#18,NA,NA,NA,NA,NA,NA,NA,NA,NA,NA,NA,NA,NA,NA
Emily Jolly,2022-05-19,Admin Pond,19:31:00,22:59:00,22:31:00,18.1,Water,18.5,Rana catesbeiana,Adult,Female,2022-05-19 admin raca#11,NA,NA,2022-05-19 admin raca#11,NA,NA,NA,NA,NA,NA,NA,NA,NA,NA,NA
Emily Jolly,2022-05-19,Admin Pond,19:31:00,22:59:00,22:34:00,18.1,Water,18.4,Rana catesbeiana,Juvenile,Unknown,2022-05-19 admin raca#12,NA,NA,2022-05-19 admin raca#12,NA,NA,NA,NA,NA,NA,NA,NA,NA,NA,NA
Emily Jolly,2022-05-19,Admin Pond,19:31:00,22:59:00,22:37:00,18,Water,18.1,Rana catesbeiana,Juvenile,Unknown,2022-05-19 admin raca #16,NA,NA,2022-05-19 admin raca #16,NA,NA,NA,NA,NA,NA,NA,NA,NA,NA,NA
Brandon Hoenig,2022-05-19,Admin Pond,20:59:00,22:59:00,22:40:00,19.4,Water,19.7,Rana catesbeiana,Juvenile,Unknown,2022-05-19 admin #13,NA,NA,2022-05-19 admin #13,NA,NA,NA,NA,NA,NA,NA,NA,NA,NA,NA
Emily Jolly,2022-05-19,Admin Pond,19:31:00,22:59:00,22:41:00,17.7,Emergent Vegetation (Lower than 1m),17.7,Rana catesbeiana,Juvenile,Unknown,2022-05-18-admin-raca7,NA,NA,2022-05-18-admin-raca7,NA,NA,NA,NA,NA,NA,NA,NA,NA,NA,NA
Brandon Hoenig,2022-05-19,Admin Pond,20:59:00,22:59:00,22:57:00,18.4,Water,18.6,Rana catesbeiana,Juvenile,Unknown,NA,NA,NA,NA,NA,NA,NA,NA,NA,NA,NA,NA,NA,NA,NA
Brandon Hoenig,2022-05-20,Admin Pond,13:29:00,14:37:00,13:30:00,NA,Dry ground,21.7,Bufo americanus,NA,Unknown,2022-05-20 admin buam#6,NA,NA,2022-05-20 admin buam#6,NA,NA,NA,NA,NA,NA,NA,NA,NA,NA,NA
Emily Jolly,2022-05-20,Admin Pond,13:28:00,14:37:00,13:36:00,NA,Leaf litter,19.8,Bufo americanus,NA,Unknown,2022-05-20 admin Buam#3,NA,NA,2022-05-20 admin Buam#3,NA,NA,NA,NA,NA,NA,NA,NA,NA,NA,NA
Emily Jolly,2022-05-20,Admin Pond,13:28:00,14:37:00,13:41:00,NA,Leaf litter,20,Pseudacris crucifer,Adult,Unknown,2022-05-20-admin-pscr1,NA,NA,2022-05-20-admin-pscr1,2022-05-20-admin-pscr1,NA,NA,NA,NA,NA,NA,NA,NA,NA,NA
Emily Jolly,2022-05-20,Admin Pond,13:28:00,14:37:00,13:53:00,NA,Leaf litter,18.9,Bufo americanus,Adult,Unknown,2022-05-20 admin buam#2,NA,NA,2022-05-20 admin buam#2,NA,NA,NA,NA,NA,NA,NA,NA,NA,NA,NA
Brandon Hoenig,2022-05-20,Admin Pond,13:29:00,14:37:00,14:15:00,23.4,Dry ground,24,Bufo americanus,NA,Unknown,2022-05-20 admin buam#5,NA,NA,2022-05-20 admin buam#5,NA,NA,NA,NA,NA,NA,NA,NA,NA,NA,NA
Brandon Hoenig,2022-05-20,Admin Pond,13:29:00,14:37:00,14:18:00,22.4,Dry ground,23,Bufo americanus,NA,Unknown,2022-05-20 admin buam#4,NA,NA,2022-05-20 admin buam#4,NA,NA,NA,NA,NA,NA,NA,NA,NA,NA,NA
Emily Jolly,2022-06-07,RV Pond,21:22:00,23:22:00,21:53:00,NA,Water,18.7,Rana catesbeiana,Adult,Female,BdSwab000067,NA,NA,BacSwab00067,MucBath00015,AMPBath00016,AMPBath00017,AMPBath00000,AMPBath00000,AntiBod00016,AntiBod00017,NA,NA,ToeClip00014,NA
Myah Madril,2022-06-07,RV Pond,21:22:00,02:12:00,22:14:00,13.9,Tree/Log/Bush (Lower than 1m),14.7,Hyla versicolor,NA,NA,BdSwab000072,NA,NA,BacSwab00072,MucBath00020,AMPBath00024,AMPBath00000,NA,NA,AntiBod00024,AntiBod00000,NA,NA,ToeClip00000,NA
Myah Madril,2022-06-07,RV Pond,21:22:00,02:12:00,22:19:00,12.9,Tree/Log/Bush (Higher than 1m),13.2,Hyla versicolor,NA,NA,BdSwab000070,NA,NA,BacSwab00070,MucBath00018,AMPBath00022,NA,NA,NA,AntiBod00022,NA,NA,NA,NA,NA
Brandon Hoenig,2022-06-07,RV Pond,21:25:00,23:07:00,22:35:00,16.9,Emergent Vegetation (Lower than 1m),18.6,Rana catesbeiana,NA,NA,BdSwab000068,NA,NA,BacSwab00068,MucBath00016,AMPBath00018,AMPBath00019,NA,NA,AntiBod00018,AntiBod00019,NA,NA,ToeClip00015,NA
Brandon Hoenig,2022-06-07,RV Pond,21:25:00,23:07:00,22:49:00,17.3,Emergent Vegetation (Lower than 1m),NA,Rana catesbeiana,NA,NA,BdSwab000069,NA,NA,BacSwab00069,MucBath00017,AMPBath00020,AMPBath00021,NA,NA,AntiBod00020,AntiBod00021,NA,NA,NA,NA
Emily Jolly,2022-06-07,RV Pond,21:22:00,23:22:00,23:00:00,NA,Water,16.3,Rana clamitans,NA,NA,BdSwab000073,NA,NA,BacSwab00073,MucBath00021,AMPBath00026,NA,NA,NA,AntiBod00026,NA,NA,NA,NA,NA
Emily Jolly,2022-06-07,RV Pond,21:22:00,23:22:00,23:03:00,NA,Water,16.4,Rana clamitans,NA,NA,BdSwab000074,NA,NA,BacSwab00074,MucBath00022,AMPBath00027,NA,NA,NA,AntiBod00027,NA,NA,NA,NA,NA
Myah Madril,2022-06-07,RV Pond,21:22:00,02:12:00,23:05:00,11.7,Tree/Log/Bush (Higher than 1m),11.2,Hyla versicolor,NA,NA,BdSwab000071,NA,NA,BacSwab00071,MucBath00019,AMPBath00023,NA,NA,NA,AntiBod00023,NA,NA,NA,NA,NA
Sydney Dawson,2022-06-08,RV Pond,21:11:00,22:02:00,21:16:00,16.3,Tree/Log/Bush (Higher than 1m),16.4,Hyla versicolor,Adult,Male,BdSwab000086,NA,NA,BacSwab00086,NA,NA,NA,NA,NA,NA,NA,NA,NA,NA,NA
Emily Jolly,2022-06-08,RV Pond,21:11:00,22:02:00,21:32:00,19.7,Water,19.8,Rana catesbeiana,Adult,Female,BdSwab000092,NA,NA,BacSwab00092,MucBath00031,AMPBath00031,NA,NA,NA,AntiBod00031,NA,NA,NA,ToeClip00023,NA
Emily Jolly,2022-06-08,RV Pond,21:11:00,22:02:00,21:35:00,19,Emergent Vegetation (Higher than 1m),18.5,Hyla versicolor,Adult,Male,BdSwab000084,NA,NA,BacSwab00084,NA,NA,NA,NA,NA,NA,NA,NA,NA,NA,NA
Brandon Hoenig,2022-06-08,RV Pond,21:11:00,22:02:00,21:36:00,19.4,Emergent Vegetation (Higher than 1m),17.6,Rana catesbeiana,Adult,Female,BdSwab00089,NA,NA,BacSwab00089,MucBath00028,AMPBath00028,NA,NA,NA,AntiBod00028,NA,NA,NA,ToeClip00020,NA
Emily Jolly,2022-06-08,RV Pond,21:11:00,22:02:00,21:38:00,18.3,Emergent Vegetation (Higher than 1m),18.2,Hyla versicolor,Adult,Male,BdSwab000087,NA,NA,BacSwab00087,NA,NA,NA,NA,NA,NA,NA,NA,NA,NA,NA
Sydney Dawson,2022-06-08,RV Pond,21:11:00,22:02:00,21:41:00,21.4,Water,21.2,Rana catesbeiana,Adult,Female,BdSwab000090,NA,NA,BacSwab00090,MucBath00029,AMPBath00029,NA,NA,NA,AntiBod00029,NA,NA,NA,ToeClip00021,NA
Myah Madril,2022-06-08,RV Pond,21:11:00,22:03:00,21:47:00,17.2,Tree/Log/Bush (Higher than 1m),17.1,Hyla versicolor,Adult,Male,BdSwab000083,NA,NA,BacSwab00083,NA,NA,NA,NA,NA,NA,NA,NA,NA,NA,NA
Emily Jolly,2022-06-08,RV Pond,21:11:00,22:02:00,21:47:00,19.1,Water,19.2,Rana clamitans,Adult,Female,BdSwab000088,NA,NA,BacSwab00088,NA,NA,NA,NA,NA,NA,NA,NA,NA,NA,NA
Brandon Hoenig,2022-06-08,RV Pond,21:11:00,22:02:00,21:49:00,19.4,Emergent Vegetation (Lower than 1m),20,Rana catesbeiana,Adult,Female,BdSwab000091,NA,NA,BacSwab00091,MucBath00030,AMPBath00030,NA,NA,NA,AntiBod00030,NA,NA,NA,ToeClip00022,NA
Sydney Dawson,2022-06-08,RV Pond,21:11:00,22:02:00,21:52:00,16.1,Tree/Log/Bush (Higher than 1m),17.2,Hyla versicolor,Adult,Male,BdSwab000085,NA,NA,BacSwab00085,NA,NA,NA,NA,NA,NA,NA,NA,NA,NA,NA
Emily Jolly,2022-06-08,RV Pond,21:11:00,22:02:00,21:55:00,18.5,Water,NA,Rana catesbeiana,Adult,Female,NA,NA,NA,NA,NA,NA,NA,NA,NA,NA,NA,NA,NA,NA,NA
Brandon Hoenig,2022-06-14,Tuttle Pond,21:35:00,22:47:00,21:41:00,21.4,Wet ground,21.2,Rana clamitans,Adult,Male,BdSwab00116,NA,NA,BacSwab00116,NA,NA,NA,NA,NA,NA,NA,NA,NA,NA,NA
Emily Jolly,2022-06-14,Tuttle Pond,21:44:00,22:47:00,21:50:00,23.4,Emergent Vegetation (Lower than 1m),23.5,Rana clamitans,Adult,Female,BdSwab00117,NA,NA,BacSwab00117,NA,NA,NA,NA,NA,NA,NA,NA,NA,NA,NA
Sydney Dawson,2022-06-14,Tuttle Pond,21:44:00,22:47:00,21:51:00,NA,Water,NA,Rana catesbeiana,Juvenile,Unknown,BDSwab00100,NA,NA,BacSwab00100,NA,NA,NA,NA,NA,NA,NA,NA,NA,NA,NA
Brandon Hoenig,2022-06-14,Tuttle Pond,21:35:00,22:47:00,21:52:00,21.6,Tree/Log/Bush (Higher than 1m),21.7,Hyla versicolor,Adult,Male,BdSwab00108,NA,NA,BacSwab00108,NA,NA,NA,NA,NA,NA,NA,NA,NA,NA,NA
Emily Jolly,2022-06-14,Tuttle Pond,21:44:00,22:47:00,21:53:00,23.6,Tree/Log/Bush (Lower than 1m),23.6,Hyla versicolor,Adult,Male,NA,NA,NA,NA,NA,NA,NA,NA,NA,NA,NA,NA,NA,NA,NA
Myah Madril,2022-06-14,Tuttle Pond,21:44:00,22:46:00,21:54:00,21.4,Tree/Log/Bush (Higher than 1m),22.4,Hyla versicolor,Adult,Male,BdSwab00112,NA,NA,BacSwab00112,NA,NA,NA,NA,NA,NA,NA,NA,NA,NA,NA
Emily Jolly,2022-06-14,Tuttle Pond,21:44:00,22:47:00,21:55:00,23.8,Tree/Log/Bush (Lower than 1m),23.6,Hyla versicolor,Adult,Male,BdSwab00110,NA,NA,BacSwab00110,NA,NA,NA,NA,NA,NA,NA,NA,NA,NA,NA
Brandon Hoenig,2022-06-14,Tuttle Pond,21:35:00,22:47:00,21:58:00,23.5,Water,23.7,Rana clamitans,Adult,Male,NA,NA,NA,NA,NA,NA,NA,NA,NA,NA,NA,NA,NA,NA,NA
Emily Jolly,2022-06-14,Tuttle Pond,21:44:00,22:47:00,22:00:00,24,Water,24.1,Rana clamitans,Adult,Male,NA,NA,NA,NA,NA,NA,NA,NA,NA,NA,NA,NA,NA,NA,NA
Emily Jolly,2022-06-14,Tuttle Pond,21:44:00,22:47:00,22:03:00,23.9,Water,24.2,Rana catesbeiana,Juvenile,Unknown,BDSwab00104,NA,NA,BacSwab00104,MucBath00035,AMPBath00035,NA,NA,NA,AntiBod00035,NA,NA,NA,ToeClip00037,NA
Myah Madril,2022-06-14,Tuttle Pond,21:44:00,22:46:00,22:03:00,24.1,Water,24,Rana catesbeiana,Adult,Female,BDSwab00093,NA,NA,BacSwab00093,NA,NA,NA,NA,NA,NA,NA,NA,NA,ToeClip00038,NA
Sydney Dawson,2022-06-14,Tuttle Pond,21:44:00,22:47:00,22:04:00,NA,Tree/Log/Bush (Lower than 1m),NA,Hyla versicolor,Adult,Male,BdSwab00111,NA,NA,BacSwab00111,NA,NA,NA,NA,NA,NA,NA,NA,NA,NA,NA
Brandon Hoenig,2022-06-14,Tuttle Pond,21:35:00,22:47:00,22:06:00,23.1,Water,22.4,Rana catesbeiana,Juvenile,Unknown,BDSwab00103,NA,NA,BacSwab00103,MucBath00034,AMPBath00034,NA,NA,NA,AntiBod00034,NA,NA,NA,ToeClip00026,NA
Sydney Dawson,2022-06-14,Tuttle Pond,21:44:00,22:47:00,22:08:00,NA,Tree/Log/Bush (Lower than 1m),NA,Rana catesbeiana,Juvenile,Unknown,BDSwab00107,NA,NA,BacSwab00107,NA,NA,NA,NA,NA,NA,NA,NA,NA,ToeClip00034,NA
Brandon Hoenig,2022-06-14,Tuttle Pond,21:35:00,22:47:00,22:10:00,22.4,Water,22.9,Rana clamitans,Adult,Female,NA,NA,NA,NA,NA,NA,NA,NA,NA,NA,NA,NA,NA,NA,NA
Emily Jolly,2022-06-14,Tuttle Pond,21:44:00,22:47:00,22:10:00,24.3,Water,24.4,Rana catesbeiana,Adult,Male,BDSwab00098,NA,NA,BacSwab00098,NA,NA,NA,NA,NA,NA,NA,NA,NA,ToeClip00029,NA
Myah Madril,2022-06-14,Tuttle Pond,21:44:00,22:46:00,22:12:00,23.6,Water,24.2,Rana clamitans,Adult,Male,BdSwab00113,NA,NA,BacSwab00113,NA,NA,NA,NA,NA,NA,NA,NA,NA,NA,NA
Myah Madril,2022-06-14,Tuttle Pond,21:44:00,22:46:00,22:22:00,24.6,Tree/Log/Bush (Lower than 1m),24.4,Rana catesbeiana,Adult,Female,BDSwab00095,NA,NA,BacSwab00095,NA,NA,NA,NA,NA,NA,NA,NA,NA,ToeClip00025,NA
Brandon Hoenig,2022-06-14,Tuttle Pond,21:35:00,22:47:00,22:23:00,24.7,Water,24.2,Rana clamitans,Adult,Female,NA,NA,NA,NA,NA,NA,NA,NA,NA,NA,NA,NA,NA,NA,NA
Emily Jolly,2022-06-14,Tuttle Pond,21:44:00,22:47:00,22:27:00,23.4,Water,23.3,Rana clamitans,Adult,Male,NA,NA,NA,NA,NA,NA,NA,NA,NA,NA,NA,NA,NA,NA,NA
Brandon Hoenig,2022-06-14,Tuttle Pond,21:35:00,22:47:00,22:27:00,21.4,Wet ground,21.2,Rana clamitans,Adult,Female,NA,NA,NA,NA,NA,NA,NA,NA,NA,NA,NA,NA,NA,NA,NA
Myah Madril,2022-06-14,Tuttle Pond,21:44:00,22:46:00,22:31:00,24.1,Water,24,Rana clamitans,Adult,Male,NA,NA,NA,NA,NA,NA,NA,NA,NA,NA,NA,NA,NA,NA,NA
Brandon Hoenig,2022-06-14,Tuttle Pond,21:35:00,22:47:00,22:31:00,22.4,Water,22.1,Rana catesbeiana,Juvenile,Unknown,BDSwab00097,NA,NA,BacSwab00097,NA,NA,NA,NA,NA,NA,NA,NA,NA,ToeClip00036,NA
Emily Jolly,2022-06-14,Tuttle Pond,21:44:00,22:47:00,22:32:00,23.4,Water,23.5,Rana clamitans,Adult,Male,NA,NA,NA,NA,NA,NA,NA,NA,NA,NA,NA,NA,NA,NA,NA
Brandon Hoenig,2022-06-14,Tuttle Pond,21:35:00,22:47:00,22:37:00,20.9,Wet ground,20.6,Rana clamitans,Adult,Female,NA,NA,NA,NA,NA,NA,NA,NA,NA,NA,NA,NA,NA,NA,NA
Sydney Dawson,2022-06-14,Tuttle Pond,21:44:00,22:47:00,22:41:00,NA,Tree/Log/Bush (Higher than 1m),NA,Hyla versicolor,Adult,Male,BdSwab00109,NA,NA,BacSwab00109,NA,NA,NA,NA,NA,NA,NA,NA,NA,NA,NA
Emily Jolly,2022-06-14,Tuttle Pond,21:44:00,22:47:00,22:41:00,23.6,Water,23.8,Rana catesbeiana,Juvenile,Unknown,BDSwab00106,NA,NA,BacSwab00106,NA,NA,NA,NA,NA,NA,NA,NA,NA,ToeClip00032,NA
Brandon Hoenig,2022-06-14,Tuttle Pond,21:35:00,22:47:00,22:42:00,21.6,Wet ground,21.3,Rana catesbeiana,Adult,Male,BDSwab00094,NA,NA,BacSwab00094,NA,NA,NA,NA,NA,NA,NA,NA,NA,ToeClip00031,NA
Myah Madril,2022-06-14,Tuttle Pond,21:44:00,22:46:00,22:43:00,24.1,Tree/Log/Bush (Lower than 1m),24.1,Rana catesbeiana,Adult,Female,BDSwab00105,NA,NA,BacSwab00105,MucBath00036,AMPBath00036,NA,NA,NA,AntiBod00036,NA,NA,NA,ToeClip00035,NA
Emily Jolly,2022-06-14,Tuttle Pond,21:44:00,22:47:00,22:43:00,23.7,Water,23.9,Rana catesbeiana,Juvenile,Unknown,BDSwab00101,NA,NA,BacSwab00101,MucBath00032,AMPBath00032,NA,NA,NA,AntiBod00032,NA,NA,NA,ToeClip00027,NA
Sydney Dawson,2022-06-14,Tuttle Pond,21:44:00,22:47:00,22:46:00,NA,Wet ground,NA,Rana clamitans,Adult,Female,BdSwab00115,NA,NA,BacSwab00115,NA,NA,NA,NA,NA,NA,NA,NA,NA,NA,NA
Emily Jolly,2022-06-14,Tuttle Pond,23:01:00,23:28:00,23:07:00,23,Tree/Log/Bush (Lower than 1m),23,Hyla versicolor,Adult,Male,NA,NA,NA,NA,NA,NA,NA,NA,NA,NA,NA,NA,NA,NA,NA
Brandon Hoenig,2022-06-14,Tuttle Pond,22:59:00,23:29:00,23:08:00,23.7,Water,23.2,Rana clamitans,Adult,Male,NA,NA,NA,NA,NA,NA,NA,NA,NA,NA,NA,NA,NA,NA,NA
Brandon Hoenig,2022-06-14,Tuttle Pond,22:59:00,23:29:00,23:11:00,23.7,Water,22.8,Rana clamitans,Adult,Male,NA,NA,NA,NA,NA,NA,NA,NA,NA,NA,NA,NA,NA,NA,NA
Myah Madril,2022-06-14,Tuttle Pond,23:01:00,23:28:00,23:11:00,24.5,Water,24.8,Rana clamitans,Adult,Male,NA,NA,NA,NA,NA,NA,NA,NA,NA,NA,NA,NA,NA,NA,NA
Emily Jolly,2022-06-14,Tuttle Pond,23:01:00,23:28:00,23:12:00,23.3,Tree/Log/Bush (Lower than 1m),23.4,Hyla versicolor,Adult,Male,NA,NA,NA,NA,NA,NA,NA,NA,NA,NA,NA,NA,NA,NA,NA
Brandon Hoenig,2022-06-14,Tuttle Pond,22:59:00,23:29:00,23:16:00,21.5,Wet ground,21.7,Rana clamitans,Adult,Female,BdSwab00114,NA,NA,BacSwab00114,NA,NA,NA,NA,NA,NA,NA,NA,NA,NA,NA
Myah Madril,2022-06-14,Tuttle Pond,23:01:00,23:28:00,23:17:00,24.4,Water,24.5,Rana clamitans,Adult,Male,NA,NA,NA,NA,NA,NA,NA,NA,NA,NA,NA,NA,NA,NA,NA
Emily Jolly,2022-06-14,Tuttle Pond,23:01:00,23:28:00,23:19:00,23.8,Water,NA,Rana catesbeiana,Adult,Female,BDSwab00096,NA,NA,BacSwab00096,NA,NA,NA,NA,NA,NA,NA,NA,NA,ToeClip00024,NA
Emily Jolly,2022-06-14,Tuttle Pond,23:01:00,23:28:00,23:25:00,23.7,Tree/Log/Bush (Lower than 1m),23.8,Rana catesbeiana,Adult,Female,BDSwab00102,NA,NA,BacSwab00102,MucBath00033,AMPBath00033,NA,NA,NA,AntiBod00033,NA,NA,NA,ToeClip00033,NA
Emily Jolly,2022-06-15,Tuttle Pond,21:58:00,23:31:00,22:00:00,27.3,Tree/Log/Bush (Lower than 1m),27.8,Rana catesbeiana,NA,NA,NA,NA,NA,NA,NA,NA,NA,NA,NA,NA,NA,NA,NA,NA,NA
Emily Jolly,2022-06-15,Tuttle Pond,21:58:00,23:31:00,22:11:00,28.4,Tree/Log/Bush (Higher than 1m),28.5,Hyla versicolor,Adult,Male,NA,NA,NA,NA,NA,NA,NA,NA,NA,NA,NA,NA,NA,NA,NA
Sydney Dawson,2022-06-15,Tuttle Pond,21:58:00,23:32:00,22:13:00,26.7,Tree/Log/Bush (Lower than 1m),NA,Hyla versicolor,Adult,Male,NA,NA,NA,NA,NA,NA,NA,NA,NA,NA,NA,NA,NA,NA,NA
Emily Jolly,2022-06-15,Tuttle Pond,21:58:00,23:31:00,22:13:00,27.7,Water,28,Rana catesbeiana,Adult,Female,BdSwab00123,NA,NA,BacSwab00122,NA,NA,NA,NA,NA,NA,NA,NA,NA,ToeClip00045,NA
Myah Madril,2022-06-15,Tuttle Pond,21:58:00,23:32:00,22:14:00,24.3,Wet ground,23.4,Hyla versicolor,Adult,Unknown,NA,NA,NA,NA,NA,NA,NA,NA,NA,NA,NA,NA,NA,NA,NA
Brandon Hoenig,2022-06-15,Tuttle Pond,22:02:00,23:32:00,22:14:00,27.1,Water,27,Rana catesbeiana,Juvenile,Unknown,BdSwab00128,NA,NA,BacSwab00127,NA,NA,NA,NA,NA,NA,NA,NA,NA,ToeClip00039,NA
Sydney Dawson,2022-06-15,Tuttle Pond,21:58:00,23:32:00,22:16:00,24.5,Emergent Vegetation (Lower than 1m),24.6,Rana catesbeiana,NA,NA,NA,NA,NA,NA,NA,NA,NA,NA,NA,NA,NA,NA,NA,NA,NA
Emily Jolly,2022-06-15,Tuttle Pond,21:58:00,23:31:00,22:19:00,28.1,Tree/Log/Bush (Lower than 1m),28.5,Hyla versicolor,Adult,Male,NA,NA,NA,NA,NA,NA,NA,NA,NA,NA,NA,NA,NA,NA,NA
Myah Madril,2022-06-15,Tuttle Pond,21:58:00,23:32:00,22:20:00,25,Wet ground,24.2,Rana catesbeiana,NA,NA,NA,NA,NA,NA,NA,NA,NA,NA,NA,NA,NA,NA,NA,NA,NA
Emily Jolly,2022-06-15,Tuttle Pond,21:58:00,23:31:00,22:23:00,28.8,Water,28.7,Rana catesbeiana,Adult,Female,BdSwab00124,NA,NA,BacSwab00123,NA,NA,NA,NA,NA,NA,NA,NA,NA,ToeClip00044,NA
Brandon Hoenig,2022-06-15,Tuttle Pond,22:02:00,23:32:00,22:23:00,25.9,Water,25.6,Rana catesbeiana,NA,NA,NA,NA,NA,NA,NA,NA,NA,NA,NA,NA,NA,NA,NA,NA,NA
Sydney Dawson,2022-06-15,Tuttle Pond,21:58:00,23:32:00,22:27:00,24.4,Water,24.4,Rana catesbeiana,NA,NA,NA,NA,NA,NA,NA,NA,NA,NA,NA,NA,NA,NA,NA,NA,NA
Myah Madril,2022-06-15,Tuttle Pond,21:58:00,23:32:00,22:28:00,25.1,Water,24.4,Rana catesbeiana,NA,NA,NA,NA,NA,NA,NA,NA,NA,NA,NA,NA,NA,NA,NA,NA,NA
Brandon Hoenig,2022-06-15,Tuttle Pond,22:02:00,23:32:00,22:32:00,NA,Tree/Log/Bush (Higher than 1m),NA,Hyla versicolor,Adult,Unknown,NA,NA,NA,NA,NA,NA,NA,NA,NA,NA,NA,NA,NA,NA,NA
Sydney Dawson,2022-06-15,Tuttle Pond,21:58:00,23:32:00,22:35:00,24.6,Water,24.4,Rana catesbeiana,Adult,Female,BdSwab00126,NA,NA,BacSwab00125,NA,NA,NA,NA,NA,NA,NA,NA,NA,ToeClip00043,NA
Emily Jolly,2022-06-15,Tuttle Pond,21:58:00,23:31:00,22:37:00,27.2,Tree/Log/Bush (Lower than 1m),27.3,Rana clamitans,Juvenile,Unknown,NA,NA,NA,NA,NA,NA,NA,NA,NA,NA,NA,NA,NA,NA,NA
Brandon Hoenig,2022-06-15,Tuttle Pond,22:02:00,23:32:00,22:46:00,25.4,Emergent Vegetation (Lower than 1m),25.4,Rana clamitans,Juvenile,Unknown,NA,NA,NA,NA,NA,NA,NA,NA,NA,NA,NA,NA,NA,NA,NA
Emily Jolly,2022-06-15,Tuttle Pond,21:58:00,23:31:00,22:47:00,27.1,Water,27.2,Rana catesbeiana,NA,NA,NA,NA,NA,NA,NA,NA,NA,NA,NA,NA,NA,NA,NA,NA,NA
Emily Jolly,2022-06-15,Tuttle Pond,21:58:00,23:31:00,22:50:00,27.2,Water,27.2,Rana catesbeiana,NA,NA,NA,NA,NA,NA,NA,NA,NA,NA,NA,NA,NA,NA,NA,NA,NA
Myah Madril,2022-06-15,Tuttle Pond,21:58:00,23:32:00,22:53:00,26.2,Water,26.2,Rana catesbeiana,Adult,Female,BdSwab00120,NA,NA,BacSwab00119,NA,NA,NA,NA,NA,NA,NA,NA,NA,ToeClip00049,NA
Sydney Dawson,2022-06-15,Tuttle Pond,21:58:00,23:32:00,22:54:00,25.3,Emergent Vegetation (Higher than 1m),25.3,Hyla versicolor,Adult,Male,NA,NA,NA,NA,NA,NA,NA,NA,NA,NA,NA,NA,NA,NA,NA
Emily Jolly,2022-06-15,Tuttle Pond,21:58:00,23:31:00,22:55:00,26.7,Wet ground,26.8,Rana catesbeiana,NA,NA,NA,NA,NA,NA,NA,NA,NA,NA,NA,NA,NA,NA,NA,NA,NA
Brandon Hoenig,2022-06-15,Tuttle Pond,22:02:00,23:32:00,22:59:00,26.4,Emergent Vegetation (Lower than 1m),26.4,Rana catesbeiana,Adult,Female,BdSwab00125,NA,NA,BacSwab00124,NA,NA,NA,NA,NA,NA,NA,NA,NA,ToeClip00042,NA
Myah Madril,2022-06-15,Tuttle Pond,21:58:00,23:32:00,23:01:00,25,Tree/Log/Bush (Lower than 1m),24.9,Rana catesbeiana,Juvenile,Unknown,BdSwab00121,NA,NA,BacSwab00120,NA,NA,NA,NA,NA,NA,NA,NA,NA,ToeClip00048,NA
Emily Jolly,2022-06-15,Tuttle Pond,21:58:00,23:31:00,23:01:00,27,Tree/Log/Bush (Lower than 1m),27,Rana catesbeiana,Adult,Female,BdSwab00129,NA,NA,BacSwab00128,NA,NA,NA,NA,NA,NA,NA,NA,NA,ToeClip00040,NA
Emily Jolly,2022-06-15,Tuttle Pond,21:58:00,23:31:00,23:04:00,27.2,Water,27.2,Rana catesbeiana,Adult,Female,BdSwab00119,NA,NA,BacSwab00118,NA,NA,NA,NA,NA,NA,NA,NA,NA,ToeClip00047,NA
Emily Jolly,2022-06-15,Tuttle Pond,21:58:00,23:31:00,23:08:00,27.1,Water,27.2,Rana clamitans,Juvenile,Unknown,NA,NA,NA,NA,NA,NA,NA,NA,NA,NA,NA,NA,NA,NA,NA
Myah Madril,2022-06-15,Tuttle Pond,21:58:00,23:32:00,23:17:00,26.7,Tree/Log/Bush (Lower than 1m),25.8,Rana catesbeiana,NA,NA,NA,NA,NA,NA,NA,NA,NA,NA,NA,NA,NA,NA,NA,NA,NA
Emily Jolly,2022-06-15,Tuttle Pond,21:58:00,23:31:00,23:25:00,27.2,Water,NA,Rana catesbeiana,Juvenile,Unknown,BdSwab00127,NA,NA,BacSwab00126,NA,NA,NA,NA,NA,NA,NA,NA,NA,ToeClip00041,NA
Sydney Dawson,2022-06-15,Tuttle Pond,21:58:00,23:32:00,23:30:00,22.8,Water,22.7,Rana catesbeiana,Juvenile,Unknown,BdSwab00122,NA,NA,BacSwab00121,NA,NA,NA,NA,NA,NA,NA,NA,NA,ToeClip00046,NA
Emily Jolly,2022-06-22,Tryon-Weber,10:49:00,12:13:00,10:55:00,21,Tree/Log/Bush (Lower than 1m),21.2,Desmognathus ochrophaeus,Adult,Unknown,NA,NA,NA,NA,NA,NA,NA,NA,NA,NA,NA,NA,NA,NA,NA
NA,2022-06-22,Tryon-Weber,10:55:00,12:12:00,11:07:00,NA,Water,23.4,Unknown,Juvenile,NA,NA,NA,NA,NA,NA,NA,NA,NA,NA,NA,NA,NA,NA,NA,NA
Myah Madril,2022-06-22,Tryon-Weber,10:50:00,12:12:00,11:08:00,18.6,Wet ground,18.2,Desmognathus fuscus,Adult,Unknown,NA,NA,NA,NA,NA,NA,NA,NA,NA,NA,NA,NA,NA,NA,NA
NA,2022-06-22,Tryon-Weber,10:55:00,12:12:00,11:26:00,NA,Wet ground,19.9,Eurycea bislineata,Adult,Unknown,NA,NA,NA,NA,NA,NA,NA,NA,NA,NA,NA,NA,NA,NA,NA
Emily Jolly,2022-06-22,Tryon-Weber,10:49:00,12:13:00,11:27:00,NA,Water,19.6,Unknown,Juvenile,NA,NA,NA,NA,NA,NA,NA,NA,NA,NA,NA,NA,NA,NA,NA,NA
NA,2022-06-22,Tryon-Weber,10:55:00,12:12:00,11:30:00,21.6,Wet ground,21.2,Eurycea bislineata,Adult,Unknown,NA,NA,NA,NA,NA,NA,NA,NA,NA,NA,NA,NA,NA,NA,NA
Emily Jolly,2022-06-22,Tryon-Weber,10:49:00,12:13:00,11:33:00,NA,Water,19.4,Unknown,Juvenile,NA,NA,NA,NA,NA,NA,NA,NA,NA,NA,NA,NA,NA,NA,NA,NA
NA,2022-06-22,Tryon-Weber,10:55:00,12:12:00,11:35:00,NA,Water,20.9,Eurycea bislineata,Adult,NA,NA,NA,NA,NA,NA,NA,NA,NA,NA,NA,NA,NA,NA,NA,NA
NA,2022-06-22,Tryon-Weber,10:55:00,12:12:00,11:38:00,NA,Wet ground,18.9,Pseudotriton ruber,Adult,Unknown,NA,NA,NA,NA,NA,NA,NA,NA,NA,NA,NA,NA,NA,NA,NA
Emily Jolly,2022-06-22,Tryon-Weber,10:49:00,12:13:00,11:47:00,NA,Water,20.4,Unknown,Juvenile,NA,NA,NA,NA,NA,NA,NA,NA,NA,NA,NA,NA,NA,NA,NA,NA
Myah Madril,2022-06-22,Tryon-Weber,10:50:00,12:12:00,11:55:00,18.8,Wet ground,18.9,Eurycea bislineata,Adult,NA,NA,NA,NA,NA,NA,NA,NA,NA,NA,NA,NA,NA,NA,NA,NA
Sydney Dawson,2022-06-22,Tryon-Weber,10:58:00,12:12:00,11:56:00,20.1,Wet ground,20,Desmognathus fuscus,Adult,Unknown,NA,NA,NA,NA,NA,NA,NA,NA,NA,NA,NA,NA,NA,NA,NA
Emily Jolly,2022-06-22,Tryon-Weber,10:49:00,12:13:00,11:56:00,NA,Water,20.8,Unknown,Juvenile,NA,NA,NA,NA,NA,NA,NA,NA,NA,NA,NA,NA,NA,NA,NA,NA
Myah Madril,2022-06-22,Tryon-Weber,10:50:00,12:12:00,12:02:00,19.3,Wet ground,19.5,Desmognathus fuscus,Adult,Unknown,NA,NA,NA,NA,NA,NA,NA,NA,NA,NA,NA,NA,NA,NA,NA
Emily Jolly,2022-06-22,Tryon-Weber,10:49:00,12:13:00,12:10:00,NA,Tree/Log/Bush (Lower than 1m),21.5,Desmognathus ochrophaeus,Adult,Unknown,NA,NA,NA,NA,NA,NA,NA,NA,NA,NA,NA,NA,NA,NA,NA
Emily Jolly,2022-06-23,Tryon-Weber,11:01:00,12:33:00,10:40:00,NA,Wet ground,18.3,Desmognathus fuscus,Adult,NA,NA,NA,NA,NA,NA,NA,NA,NA,NA,NA,NA,NA,NA,NA,NA
Emily Jolly,2022-06-23,Tryon-Weber,11:01:00,12:33:00,10:40:00,NA,Wet ground,18.3,Plethodon glutinosus,NA,Unknown,NA,NA,NA,NA,NA,NA,NA,NA,NA,NA,NA,NA,NA,NA,NA
Myah Madril,2022-06-23,Tryon-Weber,10:40:00,12:33:00,11:05:00,18.5,Wet ground,18.3,Desmognathus ochrophaeus,Adult,NA,NA,NA,NA,NA,NA,NA,NA,NA,NA,NA,NA,NA,NA,NA,NA
Emily Jolly,2022-06-23,Tryon-Weber,11:01:00,12:33:00,11:06:00,NA,Water,18.1,Unknown,Juvenile,NA,NA,NA,NA,NA,NA,NA,NA,NA,NA,NA,NA,NA,NA,NA,NA
Sydney Dawson,2022-06-23,Tryon-Weber,10:40:00,12:33:00,11:10:00,NA,Water,17.1,Unknown,Juvenile,NA,NA,NA,NA,NA,NA,NA,NA,NA,NA,NA,NA,NA,NA,NA,NA
Emily Jolly,2022-06-23,Tryon-Weber,11:01:00,12:33:00,11:25:00,NA,Water,18.2,Unknown,Juvenile,NA,NA,NA,NA,NA,NA,NA,NA,NA,NA,NA,NA,NA,NA,NA,NA
Myah Madril,2022-06-23,Tryon-Weber,10:40:00,12:33:00,11:28:00,18.1,Water,18.1,Unknown,Juvenile,NA,NA,NA,NA,NA,NA,NA,NA,NA,NA,NA,NA,NA,NA,NA,NA
Myah Madril,2022-06-23,Tryon-Weber,10:40:00,12:33:00,11:32:00,18.1,Wet ground,18,Eurycea bislineata,Adult,Unknown,NA,NA,NA,NA,NA,NA,NA,NA,NA,NA,NA,NA,NA,NA,NA
Emily Jolly,2022-06-23,Tryon-Weber,11:01:00,12:33:00,11:37:00,NA,Water,18.3,Desmognathus fuscus,Adult,NA,NA,NA,NA,NA,NA,NA,NA,NA,NA,NA,NA,NA,NA,NA,NA
Myah Madril,2022-06-23,Tryon-Weber,10:40:00,12:33:00,11:40:00,18.2,Water,18.2,Unknown,Juvenile,NA,NA,NA,NA,NA,NA,NA,NA,NA,NA,NA,NA,NA,NA,NA,NA
Sydney Dawson,2022-06-23,Tryon-Weber,10:40:00,12:33:00,11:46:00,NA,Wet ground,16.2,Desmognathus fuscus,Adult,NA,NA,NA,NA,NA,NA,NA,NA,NA,NA,NA,NA,NA,NA,NA,NA
Myah Madril,2022-06-23,Tryon-Weber,10:40:00,12:33:00,11:52:00,19.2,Wet ground,18.8,Desmognathus ochrophaeus,Adult,NA,NA,NA,NA,NA,NA,NA,NA,NA,NA,NA,NA,NA,NA,NA,NA
Emily Jolly,2022-06-23,Tryon-Weber,11:01:00,12:33:00,11:56:00,NA,Wet ground,16.7,Desmognathus fuscus,Adult,NA,NA,NA,NA,NA,NA,NA,NA,NA,NA,NA,NA,NA,NA,NA,NA
Myah Madril,2022-06-23,Tryon-Weber,10:40:00,12:33:00,11:58:00,16.3,Water,16.1,Unknown,Juvenile,NA,NA,NA,NA,NA,NA,NA,NA,NA,NA,NA,NA,NA,NA,NA,NA
Myah Madril,2022-06-23,Tryon-Weber,10:40:00,12:33:00,12:04:00,18.7,Wet ground,18.5,Desmognathus ochrophaeus,Adult,NA,NA,NA,NA,NA,NA,NA,NA,NA,NA,NA,NA,NA,NA,NA,NA
Sydney Dawson,2022-06-23,Tryon-Weber,10:40:00,12:33:00,12:04:00,NA,Wet ground,18.5,Unknown,Juvenile,NA,NA,NA,NA,NA,NA,NA,NA,NA,NA,NA,NA,NA,NA,NA,NA
Sydney Dawson,2022-06-23,Tryon-Weber,10:40:00,12:33:00,12:08:00,NA,Wet ground,18.7,Desmognathus ochrophaeus,Adult,NA,NA,NA,NA,NA,NA,NA,NA,NA,NA,NA,NA,NA,NA,NA,NA
Emily Jolly,2022-06-23,Tryon-Weber,11:01:00,12:33:00,12:13:00,NA,Wet ground,19,Plethodon cinereus,Adult,NA,NA,NA,NA,NA,NA,NA,NA,NA,NA,NA,NA,NA,NA,NA,NA
Myah Madril,2022-06-23,Tryon-Weber,10:40:00,12:33:00,12:17:00,18.2,Dry ground,18.3,Desmognathus ochrophaeus,Adult,Unknown,NA,NA,NA,NA,NA,NA,NA,NA,NA,NA,NA,NA,NA,NA,NA
Sydney Dawson,2022-06-23,Tryon-Weber,10:40:00,12:33:00,12:25:00,NA,Leaf litter,25.6,Notophthalmus viridescens,Adult,Unknown,NA,NA,NA,NA,NA,NA,NA,NA,NA,NA,NA,NA,NA,NA,NA
Emily Jolly,2022-06-23,Tryon-Weber,11:01:00,12:33:00,12:26:00,NA,Leaf litter,20.1,Desmognathus ochrophaeus,Adult,Unknown,NA,NA,NA,NA,NA,NA,NA,NA,NA,NA,NA,NA,NA,NA,NA
Myah Madril,2022-06-23,Tryon-Weber,10:40:00,12:33:00,12:28:00,19.3,Tree/Log/Bush (Lower than 1m),19.2,Plethodon glutinosus,NA,NA,NA,NA,NA,NA,NA,NA,NA,NA,NA,NA,NA,NA,NA,NA,NA
Myah Madril,2022-06-23,Tryon-Weber,10:40:00,12:33:00,12:28:00,19.3,Tree/Log/Bush (Lower than 1m),19.2,Desmognathus fuscus,Adult,NA,NA,NA,NA,NA,NA,NA,NA,NA,NA,NA,NA,NA,NA,NA,NA
Myah Madril,2022-06-23,Tryon-Weber,10:40:00,12:33:00,12:28:00,19.3,Tree/Log/Bush (Lower than 1m),19.2,Plethodon glutinosus,NA,Unknown,NA,NA,NA,NA,NA,NA,NA,NA,NA,NA,NA,NA,NA,NA,NA
Myah Madril,2022-06-23,Tryon-Weber,10:40:00,12:33:00,12:33:00,19.1,Tree/Log/Bush (Lower than 1m),19,Desmognathus ochrophaeus,Adult,NA,NA,NA,NA,NA,NA,NA,NA,NA,NA,NA,NA,NA,NA,NA,NA
Brandon Hoenig,2022-06-23,Tryon-Weber,21:47:00,22:27:00,21:47:00,NA,Wet ground,16.6,Eurycea bislineata,Adult,Unknown,NA,NA,NA,NA,NA,NA,NA,NA,NA,NA,NA,NA,NA,NA,NA
Emily Jolly,2022-06-23,Tryon-Weber,21:48:00,22:27:00,21:56:00,18.9,Wet ground,18.8,Rana clamitans,Adult,Female,NA,NA,NA,NA,NA,NA,NA,NA,NA,NA,NA,NA,NA,NA,NA
Brandon Hoenig,2022-06-27,Vorisek Pond,22:34:00,23:58:00,22:38:00,20.8,Water,21.9,Rana catesbeiana,Adult,Female,BdSwab00136,DrySwab00017,CRSwab00006,BacSwab00135,NA,NA,NA,NA,NA,NA,NA,NA,NA,ToeClip00057,NA
Myah Madril,2022-06-27,Vorisek Pond,22:34:00,23:58:00,22:38:00,17.9,Dry ground,19.2,Rana clamitans,Adult,Female,NA,DrySwab00028,CRSwab00017,NA,NA,NA,NA,NA,NA,NA,NA,NA,NA,NA,NA
Myah Madril,2022-06-27,Vorisek Pond,22:34:00,23:58:00,22:39:00,23.5,Water,23.1,Rana catesbeiana,Juvenile,Unknown,BdSwab00144,DrySwab00025,CRSwab00014,BacSwab00143,NA,NA,NA,NA,NA,NA,NA,NA,NA,ToeClip00062,NA
Brandon Hoenig,2022-06-27,Vorisek Pond,22:34:00,23:58:00,22:41:00,21.2,Emergent Vegetation (Lower than 1m),21.6,Rana catesbeiana,Juvenile,Unknown,BdSwab00137,DrySwab00018,CRSwab00007,BacSwab00136,MucBath00038,AMPBath00048,NA,NA,NA,AntiBod00048,NA,NA,NA,NA,NA
Sydney Dawson,2022-06-27,Vorisek Pond,22:34:00,23:58:00,22:45:00,18.3,Wet ground,18.9,Rana clamitans,Adult,Male,NA,DrySwab00033,CRSwab00022,NA,NA,NA,NA,NA,NA,NA,NA,NA,NA,NA,NA
Brandon Hoenig,2022-06-27,Vorisek Pond,22:34:00,23:58:00,22:45:00,18.6,Wet ground,19.6,Rana clamitans,Adult,Male,NA,DrySwab00031,CRSwab00020,NA,NA,NA,NA,NA,NA,NA,NA,NA,NA,NA,NA
Myah Madril,2022-06-27,Vorisek Pond,22:34:00,23:58:00,22:50:00,22.9,Water,22.7,Rana catesbeiana,Juvenile,Unknown,BdSwab00145,DrySwab00026,CRSwab00015,BacSwab00144,NA,NA,NA,NA,NA,NA,NA,NA,NA,ToeClip00059,NA
Sydney Dawson,2022-06-27,Vorisek Pond,22:34:00,23:58:00,22:51:00,17.4,Wet ground,16.4,Rana clamitans,Adult,Female,NA,DrySwab00029,CRSwab00018,NA,NA,NA,NA,NA,NA,NA,NA,NA,NA,NA,NA
Sydney Dawson,2022-06-27,Vorisek Pond,22:34:00,23:58:00,22:55:00,20.4,Water,22.5,Rana catesbeiana,Adult,Male,BdSwab00141,DrySwab00022,CRSwab00011,BacSwab00140,MucBath00042,AMPBath00042,NA,NA,NA,AntiBod00042,NA,NA,NA,ToeClip00058,NA
Myah Madril,2022-06-27,Vorisek Pond,22:34:00,23:58:00,22:55:00,21.4,Wet ground,16.1,Rana clamitans,Adult,Male,NA,DrySwab00032,CRSwab00021,NA,NA,NA,NA,NA,NA,NA,NA,NA,NA,NA,NA
Brandon Hoenig,2022-06-27,Vorisek Pond,22:34:00,23:58:00,22:55:00,16.4,Dry ground,14.7,Rana clamitans,Adult,Male,NA,DrySwab00030,CRSwab00019,NA,NA,NA,NA,NA,NA,NA,NA,NA,NA,NA,NA
Myah Madril,2022-06-27,Vorisek Pond,22:34:00,23:58:00,23:03:00,18.7,Wet ground,18.9,Rana catesbeiana,Adult,Female,BdSwab00134,DrySwab00015,CRSwab00004,BacSwab00133,NA,NA,NA,NA,NA,NA,NA,NA,NA,ToeClip00056,NA
Myah Madril,2022-06-27,Vorisek Pond,22:34:00,23:58:00,23:06:00,22.1,Water,22.4,Rana catesbeiana,Juvenile,Unknown,BdSwab00131,DrySwab00012,CRSwab00001,BacSwab00130,NA,NA,NA,NA,NA,NA,NA,NA,NA,ToeClip00060,NA
Sydney Dawson,2022-06-27,Vorisek Pond,22:34:00,23:58:00,23:11:00,17.1,Tree/Log/Bush (Lower than 1m),16.5,Rana catesbeiana,Adult,Male,BdSwab00138,DrySwab00019,CRSwab00008,BacSwab00137,MucBath00039,AMPBath00039,NA,NA,NA,AntiBod00039,NA,NA,NA,ToeClip00055,NA
Sydney Dawson,2022-06-27,Vorisek Pond,22:34:00,23:58:00,23:17:00,NA,Water,226,Rana catesbeiana,Juvenile,Unknown,BdSwab00133,DrySwab00014,CRSwab00003,BacSwab00132,NA,NA,NA,NA,NA,NA,NA,NA,NA,ToeClip00061,NA
Brandon Hoenig,2022-06-27,Vorisek Pond,22:34:00,23:58:00,23:19:00,21.3,Water,22.3,Rana catesbeiana,Juvenile,Unknown,BdSwab00142,DrySwab00023,CRSwab00012,BacSwab00141,NA,NA,NA,NA,NA,NA,NA,NA,NA,ToeClip00051,NA
Sydney Dawson,2022-06-27,Vorisek Pond,22:34:00,23:58:00,23:21:00,22.5,Water,22.4,Rana catesbeiana,Adult,Female,BdSwab00132,DrySwab00013,CRSwab00002,BacSwab00131,NA,NA,NA,NA,NA,NA,NA,NA,NA,ToeClip00050,NA
Myah Madril,2022-06-27,Vorisek Pond,22:34:00,23:58:00,23:25:00,17.9,Wet ground,14.1,Rana catesbeiana,Adult,Female,BdSwab00140,DrySwab00021,CRSwab00010,BacSwab00139,MucBath00041,AMPBath00041,NA,NA,NA,AntiBod00041,NA,NA,NA,ToeClip00054,NA
Brandon Hoenig,2022-06-27,Vorisek Pond,22:34:00,23:58:00,23:26:00,22.4,Water,21.3,Rana catesbeiana,Juvenile,Unknown,BdSwab00143,DrySwab00024,CRSwab00013,BacSwab00142,NA,NA,NA,NA,NA,NA,NA,NA,NA,ToeClip00052,NA
Sydney Dawson,2022-06-27,Vorisek Pond,22:34:00,23:58:00,23:33:00,16.4,Wet ground,17,Rana clamitans,Juvenile,Unknown,NA,DrySwab00034,CRSwab00023,NA,NA,NA,NA,NA,NA,NA,NA,NA,NA,NA,NA
Brandon Hoenig,2022-06-27,Vorisek Pond,22:34:00,23:58:00,23:36:00,20.4,Water,22.6,Rana catesbeiana,Adult,Female,BdSwab00139,DrySwab00020,CRSwab00009,BacSwab00138,MucBath00040,AMPBath00040,NA,NA,NA,AntiBod00040,NA,NA,NA,ToeClip00053,NA
Sydney Dawson,2022-06-27,Vorisek Pond,22:34:00,23:58:00,23:42:00,16.9,Wet ground,15.6,Rana clamitans,Adult,Female,NA,DrySwab00027,CRSwab00016,NA,NA,NA,NA,NA,NA,NA,NA,NA,NA,NA,NA
Sydney Dawson,2022-06-28,Vorisek Pond,21:41:00,NA,21:45:00,16.3,Wet ground,18.8,Rana catesbeiana,NA,NA,NA,NA,NA,NA,NA,NA,NA,NA,NA,NA,NA,NA,NA,NA,NA
Myah Madril,2022-06-28,Vorisek Pond,21:39:00,23:09:00,21:47:00,22.1,Water,22.7,Rana catesbeiana,NA,NA,NA,NA,NA,NA,NA,NA,NA,NA,NA,NA,NA,NA,NA,NA,NA
Sydney Dawson,2022-06-28,Vorisek Pond,21:41:00,NA,21:52:00,15.4,Dry ground,18.8,Rana clamitans,Adult,Male,BdSwab00146,DrySwab00035,CRSwab00024,BacSwab00145,NA,NA,NA,NA,NA,NA,NA,NA,NA,NA,NA
Myah Madril,2022-06-28,Vorisek Pond,21:39:00,23:09:00,21:53:00,21.7,Water,21.9,Rana catesbeiana,Juvenile,Unknown,BdSwab00148,DrySwab00037,CRSwab00026,BacSwab00147,NA,NA,NA,NA,NA,NA,NA,NA,NA,ToeClip00065,NA
Brandon Hoenig,2022-06-28,Vorisek Pond,21:39:00,23:09:00,21:58:00,23.4,Water,23.6,Rana catesbeiana,Juvenile,Unknown,BdSwab00149,DrySwab00038,CRSwab00027,BacSwab00148,NA,NA,NA,NA,NA,NA,NA,NA,NA,NA,NA
Myah Madril,2022-06-28,Vorisek Pond,21:39:00,23:09:00,22:00:00,22.1,Water,22.5,Rana catesbeiana,NA,NA,NA,NA,NA,NA,NA,NA,NA,NA,NA,NA,NA,NA,NA,NA,NA
Sydney Dawson,2022-06-28,Vorisek Pond,21:41:00,NA,22:08:00,22.4,Water,24,Rana catesbeiana,NA,NA,NA,NA,NA,NA,NA,NA,NA,NA,NA,NA,NA,NA,NA,NA,NA
Brandon Hoenig,2022-06-28,Vorisek Pond,21:39:00,23:09:00,22:10:00,17.4,Dry ground,18.3,Rana catesbeiana,Juvenile,Unknown,BdSwab00147,DrySwab00036,CRSwab00025,BacSwab00146,NA,NA,NA,NA,NA,NA,NA,NA,NA,ToeClip00064,NA
Myah Madril,2022-06-28,Vorisek Pond,21:39:00,23:09:00,22:14:00,21.7,Water,22.2,Rana catesbeiana,NA,NA,NA,NA,NA,NA,NA,NA,NA,NA,NA,NA,NA,NA,NA,NA,NA
Myah Madril,2022-06-28,Vorisek Pond,21:39:00,23:09:00,22:20:00,22.4,Water,22.6,Rana catesbeiana,Adult,Female,BdSwab00150,DrySwab00039,CRSwab00028,BacSwab00149,NA,NA,NA,NA,NA,NA,NA,NA,NA,ToeClip00063,NA
Myah Madril,2022-06-28,Vorisek Pond,21:39:00,23:09:00,22:27:00,21.4,Water,22,Rana catesbeiana,NA,NA,NA,NA,NA,NA,NA,NA,NA,NA,NA,NA,NA,NA,NA,NA,NA
Brandon Hoenig,2022-06-28,Vorisek Pond,21:39:00,23:09:00,22:27:00,NA,Dry ground,NA,Rana catesbeiana,Adult,Female,NA,NA,NA,NA,NA,NA,NA,NA,NA,NA,NA,NA,NA,NA,NA
Myah Madril,2022-06-28,Vorisek Pond,21:39:00,23:09:00,22:45:00,19.2,Water,22.1,Rana catesbeiana,NA,NA,NA,NA,NA,NA,NA,NA,NA,NA,NA,NA,NA,NA,NA,NA,NA
Brandon Hoenig,2022-06-28,Vorisek Pond,21:39:00,23:09:00,23:05:00,17.4,Dry ground,18.4,Rana catesbeiana,NA,NA,NA,NA,NA,NA,NA,NA,NA,NA,NA,NA,NA,NA,NA,NA,NA
Brandon Hoenig,2022-07-11,RV Pond,22:04:00,00:04:00,22:04:00,23.6,Water,23.8,Rana clamitans,Adult,Male,NA,DrySwab00056,CRSwab00045,NA,NA,NA,NA,NA,NA,NA,NA,NA,NA,NA,NA
Myah Madril,2022-07-11,RV Pond,22:12:00,00:04:00,22:15:00,22.5,Wet ground,22.8,Rana clamitans,Adult,Female,NA,DrySwab00060,CRSwab00049,NA,NA,NA,NA,NA,NA,NA,NA,NA,NA,NA,NA
Brandon Hoenig,2022-07-11,RV Pond,22:04:00,00:04:00,22:16:00,25.6,Water,26,Rana catesbeiana,Adult,Female,BdSwab00154,DrySwab00043,CRSwab00032,BacSwab00153,NA,NA,NA,NA,NA,NA,NA,NA,NA,ToeClip00073,NA
Myah Madril,2022-07-11,RV Pond,22:12:00,00:04:00,22:17:00,22.8,Wet ground,23.1,Rana clamitans,Adult,Female,NA,DrySwab00057,CRSwab00046,NA,NA,NA,NA,NA,NA,NA,NA,NA,NA,NA,NA
Sydney Dawson,2022-07-11,RV Pond,22:12:00,00:04:00,22:19:00,22.1,Tree/Log/Bush (Lower than 1m),21.9,NA,Adult,Female,BdSwab00164,DrySwab00053,CRSwab00042,BacSwab00163,NA,NA,NA,NA,NA,NA,NA,NA,NA,ToeClip00079,NA
NA,2022-07-11,RV Pond,22:04:00,00:04:00,22:28:00,24,Water,23.6,Rana clamitans,Adult,Female,NA,DrySwab00058,CRSwab00047,NA,NA,NA,NA,NA,NA,NA,NA,NA,NA,NA,NA
Brandon Hoenig,2022-07-11,RV Pond,22:04:00,00:04:00,22:35:00,22.1,Water,22.2,Rana catesbeiana,Adult,Female,BdSwab00155,DrySwab00044,CRSwab00033,BacSwab00154,NA,NA,NA,NA,NA,NA,NA,NA,NA,ToeClip00066,NA
Brandon Hoenig,2022-07-11,RV Pond,22:04:00,00:04:00,22:47:00,25.5,Water,25.6,Rana catesbeiana,Adult,Female,BdSwab00163,DrySwab00052,CRSwab00041,BacSwab00162,MucBath00048,NA,NA,NA,NA,AntiBod00049,NA,NA,NA,ToeClip00078,NA
Myah Madril,2022-07-11,RV Pond,22:12:00,00:04:00,22:52:00,24.1,Tree/Log/Bush (Lower than 1m),24,Hyla versicolor,Juvenile,Unknown,NA,DrySwab00061,CRSwab00050,NA,NA,NA,NA,NA,NA,NA,NA,NA,NA,NA,NA
Myah Madril,2022-07-11,RV Pond,22:12:00,00:04:00,22:55:00,NA,Water,25.5,Rana catesbeiana,Adult,Female,BdSwab00159,DrySwab00048,CRSwab00037,BacSwab00158,MucBath00044,AMPBath00044,NA,NA,NA,AntiBod00044,NA,NA,NA,ToeClip00077,NA
Brandon Hoenig,2022-07-11,RV Pond,22:04:00,00:04:00,22:57:00,22.9,Water,23,Rana catesbeiana,Adult,Female,BdSwab00157,DrySwab00046,CRSwab00035,BacSwab00156,NA,NA,NA,NA,NA,NA,NA,NA,NA,ToeClip00072,NA
Brandon Hoenig,2022-07-11,RV Pond,22:04:00,00:04:00,23:01:00,22.9,Water,22.9,Rana catesbeiana,Juvenile,Unknown,BdSwab00152,DrySwab00041,CRSwab00030,BacSwab00151,NA,NA,NA,NA,NA,NA,NA,NA,NA,ToeClip00071,NA
Brandon Hoenig,2022-07-11,RV Pond,22:04:00,00:04:00,23:08:00,22.9,Water,23.3,Rana catesbeiana,Adult,Female,BdSwab00162,DrySwab00051,CRSwab00040,BacSwab00161,MucBath00047,AMPBath00047,NA,NA,NA,NA,NA,NA,NA,ToeClip00075,NA
Myah Madril,2022-07-11,RV Pond,22:12:00,00:04:00,23:13:00,25.1,Wet ground,25.3,Rana catesbeiana,Adult,Female,BdSwab00153,DrySwab00042,CRSwab00031,BacSwab00152,NA,NA,NA,NA,NA,NA,NA,NA,NA,ToeClip00070,NA
Brandon Hoenig,2022-07-11,RV Pond,22:04:00,00:04:00,23:16:00,25.4,Water,25.1,Rana clamitans,Juvenile,Unknown,NA,DrySwab00055,CRSwab00044,NA,NA,NA,NA,NA,NA,NA,NA,NA,NA,NA,NA
Brandon Hoenig,2022-07-11,RV Pond,22:04:00,00:04:00,23:19:00,23.9,Water,23.7,Rana clamitans,Adult,Male,NA,DrySwab00059,CRSwab00048,NA,NA,NA,NA,NA,NA,NA,NA,NA,NA,NA,NA
NA,2022-07-11,RV Pond,22:04:00,00:04:00,23:22:00,28.4,Water,23.5,Rana catesbeiana,Adult,Female,BdSwab00161,DrySwab00050,CRSwab00039,BacSwab00160,MucBath00046,AMPBath00046,NA,NA,NA,AntiBod00047,NA,NA,NA,ToeClip00074,NA
Brandon Hoenig,2022-07-11,RV Pond,22:04:00,00:04:00,23:30:00,23.9,Water,24.6,Rana catesbeiana,Adult,Female,BdSwab00151,DrySwab00040,CRSwab00029,BacSwab00150,NA,NA,NA,NA,NA,NA,NA,NA,NA,ToeClip00069,NA
Sydney Dawson,2022-07-11,RV Pond,22:12:00,00:04:00,23:33:00,24.2,Water,24.4,Rana clamitans,Adult,Male,NA,DrySwab00054,CRSwab00043,NA,NA,NA,NA,NA,NA,NA,NA,NA,NA,NA,NA
Myah Madril,2022-07-11,RV Pond,22:12:00,00:04:00,23:33:00,25,Water,25.1,Rana catesbeiana,Adult,Female,BdSwab00156,DrySwab00045,CRSwab00034,BacSwab00155,NA,NA,NA,NA,NA,NA,NA,NA,NA,ToeClip00068,NA
Myah Madril,2022-07-11,RV Pond,22:12:00,00:04:00,23:37:00,22.8,Water,23.1,Rana catesbeiana,Adult,Female,BdSwab00158,DrySwab00047,CRSwab00036,BacSwab00157,NA,NA,NA,NA,NA,NA,NA,NA,NA,ToeClip00067,NA
Sydney Dawson,2022-07-11,RV Pond,22:12:00,00:04:00,23:40:00,NA,Water,NA,Rana catesbeiana,Juvenile,Unknown,BdSwab00160,DrySwab00049,CRSwab00038,BacSwab00159,MucBath00045,AMPBath00045,NA,NA,NA,AntiBod00046,NA,NA,NA,ToeClip00076,NA
Brandon Hoenig,2022-07-12,RV Pond,22:00:00,00:00:00,22:02:00,19.7,Wet ground,20.1,Rana catesbeiana,Juvenile,Unknown,BdSwab00190,DrySwab00087,CRSwab00076,BacSwab00189,MucBath00000,AMPBath00000,NA,NA,NA,AntiBod00000,NA,AntiBod00000,AntiBod00000,NA,NA
Myah Madril,2022-07-12,RV Pond,22:03:00,00:00:00,22:03:00,21.7,Wet ground,20.7,Rana catesbeiana,Juvenile,Unknown,BdSwab00181,DrySwab00078,CRSwab00067,BacSwab00180,NA,NA,NA,NA,NA,NA,NA,NA,NA,NA,NA
Myah Madril,2022-07-12,RV Pond,22:03:00,00:00:00,22:05:00,20.3,Wet ground,21.7,Rana catesbeiana,Juvenile,Unknown,BdSwab00175,DrySwab00072,CRSwab00061,BacSwab00174,NA,NA,NA,NA,NA,NA,NA,NA,NA,NA,NA
Brandon Hoenig,2022-07-12,RV Pond,22:00:00,00:00:00,22:06:00,21.9,Wet ground,22,Rana catesbeiana,Juvenile,Unknown,BdSwab00180,DrySwab00077,CRSwab00066,BacSwab00179,NA,NA,NA,NA,NA,NA,NA,NA,NA,NA,NA
Myah Madril,2022-07-12,RV Pond,22:03:00,00:00:00,22:08:00,22.3,Water,22.1,Rana catesbeiana,Juvenile,Unknown,BdSwab00179,DrySwab00076,CRSwab00065,BacSwab00178,NA,NA,NA,NA,NA,NA,NA,NA,NA,NA,NA
Brandon Hoenig,2022-07-12,RV Pond,22:00:00,00:00:00,22:09:00,20.9,Wet ground,21,Rana catesbeiana,Juvenile,Unknown,BdSwab00184,DrySwab00081,CRSwab00070,BacSwab00183,NA,NA,NA,NA,NA,NA,NA,NA,NA,NA,NA
Myah Madril,2022-07-12,RV Pond,22:03:00,00:00:00,22:10:00,20,Water,21.3,Rana catesbeiana,Juvenile,Unknown,BdSwab00178,DrySwab00075,CRSwab00064,BacSwab00177,NA,NA,NA,NA,NA,NA,NA,NA,NA,NA,NA
Sydney Dawson,2022-07-12,RV Pond,22:06:00,23:59:00,22:17:00,NA,Water,NA,Rana clamitans,NA,NA,BdSwab00000,DrySwab00000,CRSwab00000,BacSwab00000,NA,NA,NA,NA,NA,NA,NA,NA,NA,NA,NA
Myah Madril,2022-07-12,RV Pond,22:03:00,00:00:00,22:24:00,20,Wet ground,19.4,Rana catesbeiana,Adult,Female,BdSwab00189,DrySwab00086,CRSwab00075,BacSwab00188,NA,NA,NA,NA,NA,NA,NA,NA,NA,NA,NA
Myah Madril,2022-07-12,RV Pond,22:03:00,00:00:00,22:28:00,23.2,Water,23.1,Rana catesbeiana,Adult,Female,BdSwab00172,DrySwab00069,CRSwab00058,BacSwab00171,NA,NA,NA,NA,NA,NA,NA,NA,NA,NA,NA
Brandon Hoenig,2022-07-12,RV Pond,22:00:00,00:00:00,22:28:00,24.9,Wet ground,24.4,Rana catesbeiana,Adult,Female,NA,DrySwab00089,CRSwab00078,NA,NA,NA,NA,NA,NA,NA,NA,NA,NA,NA,NA
Myah Madril,2022-07-12,RV Pond,22:03:00,00:00:00,22:34:00,23.4,Water,23.4,Rana catesbeiana,Adult,Female,BdSwab00177,DrySwab00074,CRSwab00063,BacSwab00176,NA,NA,NA,NA,NA,NA,NA,NA,NA,NA,NA
Myah Madril,2022-07-12,RV Pond,22:03:00,00:00:00,22:48:00,22.9,Water,23.2,Rana catesbeiana,Adult,Female,BdSwab00188,DrySwab00085,CRSwab00074,BacSwab00187,NA,NA,NA,NA,NA,NA,NA,NA,NA,NA,NA
Sydney Dawson,2022-07-12,RV Pond,22:06:00,23:59:00,22:50:00,NA,Water,21.7,Rana catesbeiana,Juvenile,Female,BdSwab00170,DrySwab00067,CRSwab00056,BacSwab00169,NA,NA,NA,NA,NA,NA,NA,NA,NA,NA,NA
Brandon Hoenig,2022-07-12,RV Pond,22:00:00,00:00:00,22:51:00,21.3,Water,22,Rana catesbeiana,Adult,Female,BdSwab00176,DrySwab00073,CRSwab00062,BacSwab00175,NA,NA,NA,NA,NA,NA,NA,NA,NA,NA,NA
Sydney Dawson,2022-07-12,RV Pond,22:06:00,23:59:00,22:57:00,20.7,Water,21.5,Rana catesbeiana,Juvenile,Unknown,BdSwab00187,DrySwab00084,CRSwab00073,BacSwab00186,NA,NA,NA,NA,NA,NA,NA,NA,NA,NA,NA
Myah Madril,2022-07-12,RV Pond,22:03:00,00:00:00,22:59:00,22.5,Water,21.3,Rana catesbeiana,Adult,Male,BdSwab00168,DrySwab00065,CRSwab00054,BacSwab00167,NA,NA,NA,NA,NA,NA,NA,NA,NA,NA,NA
Myah Madril,2022-07-12,RV Pond,22:03:00,00:00:00,23:13:00,18.8,Wet ground,19,Rana catesbeiana,Juvenile,Unknown,BdSwab00183,DrySwab00080,CRSwab00069,BacSwab00182,NA,NA,NA,NA,NA,NA,NA,NA,NA,NA,NA
Sydney Dawson,2022-07-12,RV Pond,22:06:00,23:59:00,23:15:00,21.4,Water,22.4,Rana catesbeiana,Adult,Female,BdSwab00167,DrySwab00064,CRSwab00053,BacSwab00166,NA,NA,NA,NA,NA,NA,NA,NA,NA,NA,NA
Myah Madril,2022-07-12,RV Pond,22:03:00,00:00:00,23:19:00,19,Wet ground,19.3,Rana catesbeiana,Adult,Female,NA,DrySwab00091,CRSwab00079,NA,NA,NA,NA,NA,NA,NA,NA,NA,NA,NA,NA
Brandon Hoenig,2022-07-12,RV Pond,22:00:00,00:00:00,23:24:00,23.8,Water,23.7,Rana catesbeiana,Adult,Female,BdSwab00166,DrySwab00063,CRSwab00052,BacSwab00165,NA,NA,NA,NA,NA,NA,NA,NA,NA,NA,NA
Sydney Dawson,2022-07-12,RV Pond,22:06:00,23:59:00,23:25:00,NA,Water,22.1,Rana catesbeiana,Adult,Female,BdSwab00171,DrySwab00068,CRSwab00057,BacSwab00170,NA,NA,NA,NA,NA,NA,NA,NA,NA,NA,NA
NA,2022-07-12,RV Pond,22:06:00,NA,23:30:00,23.2,Water,23.4,Rana clamitans,NA,NA,NA,NA,NA,NA,NA,NA,NA,NA,NA,NA,NA,NA,NA,NA,NA
Sydney Dawson,2022-07-12,RV Pond,22:06:00,23:59:00,23:33:00,22.7,Water,NA,Rana catesbeiana,Adult,Female,BdSwab00169,DrySwab00066,CRSwab00055,BacSwab00168,NA,NA,NA,NA,NA,NA,NA,NA,NA,NA,NA
Myah Madril,2022-07-12,RV Pond,22:03:00,00:00:00,23:36:00,18.9,Water,20.8,Rana catesbeiana,Adult,Female,BdSwab00174,DrySwab00071,CRSwab00060,BacSwab00173,NA,NA,NA,NA,NA,NA,NA,NA,NA,NA,NA
Myah Madril,2022-07-12,RV Pond,22:03:00,00:00:00,23:42:00,18.2,Water,22.4,Rana catesbeiana,Adult,Female,BdSwab00173,DrySwab00070,CRSwab00059,BacSwab00172,NA,NA,NA,NA,NA,NA,NA,NA,NA,NA,NA
Sydney Dawson,2022-07-12,RV Pond,22:06:00,23:59:00,23:42:00,NA,Water,22.6,Rana catesbeiana,Juvenile,Unknown,BdSwab00185,DrySwab00082,CRSwab00071,BacSwab00184,NA,NA,NA,NA,NA,NA,NA,NA,NA,NA,NA
NA,2022-07-12,RV Pond,22:06:00,NA,23:44:00,21.8,Water,22.1,Rana clamitans,NA,NA,NA,NA,NA,NA,NA,NA,NA,NA,NA,NA,NA,NA,NA,NA,NA
Brandon Hoenig,2022-07-12,RV Pond,22:00:00,00:00:00,23:52:00,23.4,Water,23.4,Rana catesbeiana,Adult,Female,BdSwab00186,DrySwab00083,CRSwab00072,BacSwab00185,NA,NA,NA,NA,NA,NA,NA,NA,NA,NA,NA
Myah Madril,2022-07-12,RV Pond,22:03:00,00:00:00,23:55:00,21.5,Water,21.8,Rana catesbeiana,Adult,Female,BdSwab00165,DrySwab00062,CRSwab00051,BacSwab00164,NA,NA,NA,NA,NA,NA,NA,NA,NA,NA,NA
NA,2022-07-12,RV Pond,22:06:00,NA,23:00:00,NA,NA,NA,Rana catesbeiana,Juvenile,Unknown,BdSwab00191,DrySwab00088,CRSwab00077,BacSwab00190,NA,NA,NA,NA,NA,NA,NA,NA,NA,NA,NA
NA,2022-07-12,RV Pond,22:06:00,NA,23:00:00,NA,NA,NA,Rana catesbeiana,Juvenile,Unknown,BdSwab00182,DrySwab00079,CRSwab00068,BacSwab00181,NA,NA,NA,NA,NA,NA,NA,NA,NA,NA,NA
Brandon Hoenig,2022-07-18,Tuttle Pond,21:58:00,23:30:00,22:01:00,22.1,Wet ground,22.1,Rana catesbeiana,Adult,Female,BdSwab00213,DrySwab00112,CRSwab00101,BacSwab00212,NA,NA,NA,NA,NA,NA,NA,NA,NA,ToeClip00095,NA
Myah Madril,2022-07-18,Tuttle Pond,21:58:00,23:41:00,22:03:00,21.3,Tree/Log/Bush (Lower than 1m),22,Rana pipiens,Juvenile,Unknown,BdSwab00195,DrySwab00094,CRSwab00083,BacSwab00194,NA,NA,NA,NA,NA,AntiBod00051,NA,NA,NA,ToeClip00115,NA
Myah Madril,2022-07-18,Tuttle Pond,21:58:00,23:41:00,22:03:00,21.3,Tree/Log/Bush (Lower than 1m),22,Rana catesbeiana,Adult,Female,BdSwab00200,DrySwab00099,CRSwab00088,BacSwab00199,NA,NA,NA,NA,NA,NA,NA,NA,NA,ToeClip00082,NA
Brandon Hoenig,2022-07-18,Tuttle Pond,21:58:00,23:30:00,22:04:00,21.9,Wet ground,21.7,Rana catesbeiana,Juvenile,Unknown,BdSwab00225,DrySwab00124,CRSwab00113,BacSwab00224,NA,NA,NA,NA,NA,NA,NA,NA,NA,ToeClip00107,NA
Sydney Dawson,2022-07-18,Tuttle Pond,21:58:00,NA,22:07:00,21.6,Wet ground,22,Rana catesbeiana,Adult,Female,BdSwab00204,DrySwab00102,CRSwab00091,BacSwab00202,NA,NA,NA,NA,NA,NA,NA,NA,NA,ToeClip00085,NA
NA,2022-07-18,Tuttle Pond,21:58:00,23:42:00,22:07:00,21.7,Wet ground,21.7,Rana clamitans,Juvenile,Unknown,NA,NA,NA,NA,NA,NA,NA,NA,NA,NA,NA,NA,NA,NA,NA
Myah Madril,2022-07-18,Tuttle Pond,21:58:00,23:41:00,22:09:00,21.9,Water,21.9,Rana catesbeiana,Adult,Female,BdSwab00210,DrySwab00109,CRSwab00098,BacSwab00209,NA,NA,NA,NA,NA,NA,NA,NA,NA,ToeClip00092,NA
Sydney Dawson,2022-07-18,Tuttle Pond,21:58:00,NA,22:12:00,22.5,Tree/Log/Bush (Lower than 1m),22.5,Rana catesbeiana,Juvenile,Unknown,BdSwab00208,DrySwab00107,CRSwab00096,BacSwab00207,NA,NA,NA,NA,NA,NA,NA,NA,NA,ToeClip00090,NA
Brandon Hoenig,2022-07-18,Tuttle Pond,21:58:00,23:30:00,22:12:00,21.8,Wet ground,21.3,Rana catesbeiana,Adult,Female,BdSwab00206,DrySwab00105,CRSwab00094,BacSwab00205,NA,NA,NA,NA,NA,NA,NA,NA,NA,ToeClip00088,NA
NA,2022-07-18,Tuttle Pond,21:58:00,23:42:00,22:12:00,21.8,Wet ground,21.8,Rana clamitans,Juvenile,Unknown,NA,NA,NA,NA,NA,NA,NA,NA,NA,NA,NA,NA,NA,NA,NA
Myah Madril,2022-07-18,Tuttle Pond,21:58:00,23:41:00,22:14:00,22.3,Water,22.8,Rana catesbeiana,Adult,Female,BdSwab00192,DrySwab00090,CRSwab00080,BacSwab00191,NA,NA,NA,NA,NA,NA,NA,NA,NA,ToeClip00080,NA
Brandon Hoenig,2022-07-18,Tuttle Pond,21:58:00,23:30:00,22:14:00,21.3,Wet ground,21.3,Rana catesbeiana,Adult,Female,BdSwab00209,DrySwab00108,CRSwab00097,BacSwab00208,NA,NA,NA,NA,NA,NA,NA,NA,NA,ToeClip00091,NA
Myah Madril,2022-07-18,Tuttle Pond,21:58:00,23:41:00,22:16:00,22.3,Wet ground,22.4,Rana catesbeiana,Adult,Female,BdSwab00214,DrySwab00113,CRSwab00102,BacSwab00213,NA,NA,NA,NA,NA,NA,NA,NA,NA,ToeClip00096,NA
Sydney Dawson,2022-07-18,Tuttle Pond,21:58:00,NA,22:16:00,22.9,Water,22.4,Rana catesbeiana,Adult,Female,BdSwab00211,DrySwab00110,CRSwab00099,BacSwab00210,NA,NA,NA,NA,NA,NA,NA,NA,NA,ToeClip00093,NA
NA,2022-07-18,Tuttle Pond,21:58:00,23:42:00,22:28:00,21.4,Wet ground,22.5,Rana clamitans,Adult,Female,NA,NA,NA,NA,NA,NA,NA,NA,NA,NA,NA,NA,NA,NA,NA
Brandon Hoenig,2022-07-18,Tuttle Pond,21:58:00,23:30:00,22:30:00,21.8,Wet ground,21.2,Rana catesbeiana,Juvenile,Unknown,BdSwab00218,DrySwab00117,CRSwab00106,BacSwab00217,NA,NA,NA,NA,NA,NA,NA,NA,NA,ToeClip00100,NA
Myah Madril,2022-07-18,Tuttle Pond,21:58:00,23:41:00,22:31:00,22.4,Tree/Log/Bush (Lower than 1m),22.8,Rana catesbeiana,Adult,Female,BdSwab00231,DrySwab00130,CRSwab00119,BacSwab00230,NA,NA,NA,NA,NA,NA,NA,NA,NA,ToeClip00113,NA
Myah Madril,2022-07-18,Tuttle Pond,21:58:00,23:41:00,22:40:00,22.9,Tree/Log/Bush (Lower than 1m),22.9,Rana catesbeiana,Juvenile,Unknown,BdSwab00227,DrySwab00126,CRSwab00115,BacSwab00226,NA,NA,NA,NA,NA,NA,NA,NA,NA,ToeClip00109,NA
Sydney Dawson,2022-07-18,Tuttle Pond,21:58:00,NA,22:41:00,NA,Water,NA,Rana catesbeiana,Adult,Female,BdSwab00193,DrySwab00092,CRSwab00081,BacSwab00192,NA,NA,NA,NA,NA,NA,NA,NA,NA,ToeClip00081,NA
Brandon Hoenig,2022-07-18,Tuttle Pond,21:58:00,23:30:00,22:44:00,22.4,Water,22.8,Rana catesbeiana,Juvenile,Unknown,BdSwab00215,DrySwab00114,CRSwab00103,BacSwab00214,NA,NA,NA,NA,NA,NA,NA,NA,NA,ToeClip00097,NA
Myah Madril,2022-07-18,Tuttle Pond,21:58:00,23:41:00,22:47:00,23.2,Water,22.8,Rana catesbeiana,Juvenile,Unknown,BdSwab00201,DrySwab00100,CRSwab00089,BacSwab00200,NA,NA,NA,NA,NA,NA,NA,NA,NA,ToeClip00083,NA
Brandon Hoenig,2022-07-18,Tuttle Pond,21:58:00,23:30:00,22:47:00,22.4,Water,22.6,Rana catesbeiana,Juvenile,Unknown,BdSwab00222,DrySwab00121,CRSwab00110,BacSwab00221,NA,NA,NA,NA,NA,NA,NA,NA,NA,ToeClip00104,NA
Brandon Hoenig,2022-07-18,Tuttle Pond,21:58:00,23:30:00,22:49:00,22.4,Water,22.6,Rana catesbeiana,Adult,Female,BdSwab00226,DrySwab00125,CRSwab00114,BacSwab00225,NA,NA,NA,NA,NA,NA,NA,NA,NA,ToeClip00108,NA
Sydney Dawson,2022-07-18,Tuttle Pond,21:58:00,NA,22:51:00,NA,Water,NA,Rana catesbeiana,Adult,Female,NA,DrySwab00103,CRSwab00092,BacSwab00203,NA,NA,NA,NA,NA,NA,NA,NA,NA,ToeClip00086,NA
Brandon Hoenig,2022-07-18,Tuttle Pond,21:58:00,23:30:00,22:52:00,22.2,Water,22.2,Rana catesbeiana,Juvenile,Unknown,BdSwab00224,DrySwab00123,CRSwab00112,BacSwab00223,NA,NA,NA,NA,NA,NA,NA,NA,NA,ToeClip00106,NA
Brandon Hoenig,2022-07-18,Tuttle Pond,21:58:00,23:30:00,22:54:00,21.2,Wet ground,21.6,Rana catesbeiana,Juvenile,Unknown,BdSwab00207,DrySwab00106,CRSwab00095,BacSwab00206,NA,NA,NA,NA,NA,NA,NA,NA,NA,ToeClip00089,NA
Sydney Dawson,2022-07-18,Tuttle Pond,21:58:00,NA,22:57:00,22.3,Water,22.5,Rana catesbeiana,Adult,Female,BdSwab00228,DrySwab00127,CRSwab00116,BacSwab00227,NA,NA,NA,NA,NA,NA,NA,NA,NA,ToeClip00110,NA
Sydney Dawson,2022-07-18,Tuttle Pond,21:58:00,NA,23:02:00,21.5,Wet ground,21.6,Rana catesbeiana,Adult,Female,BdSwab00229,DrySwab00128,CRSwab00117,BacSwab00228,NA,NA,NA,NA,NA,NA,NA,NA,NA,ToeClip00111,NA
Brandon Hoenig,2022-07-18,Tuttle Pond,21:58:00,23:30:00,23:04:00,21.4,Wet ground,21.3,Rana catesbeiana,Adult,Female,BdSwab00198,DrySwab00097,CRSwab00086,BacSwab00197,MucBath00054,AMPBath00054,NA,NA,NA,AntiBod00054,NA,NA,NA,ToeClip00118,NA
Sydney Dawson,2022-07-18,Tuttle Pond,21:58:00,NA,23:06:00,NA,Wet ground,NA,Rana catesbeiana,Adult,Female,BdSwab00199,DrySwab00098,CRSwab00087,BacSwab00198,MucBath00055,AMPBath00055,NA,NA,NA,AntiBod00055,NA,NA,NA,ToeClip00117,NA
Brandon Hoenig,2022-07-18,Tuttle Pond,21:58:00,23:30:00,23:07:00,20.3,Wet ground,20.8,Rana catesbeiana,Adult,Female,BdSwab00212,DrySwab00111,CRSwab00100,BacSwab00211,NA,NA,NA,NA,NA,NA,NA,NA,NA,ToeClip00094,NA
Sydney Dawson,2022-07-18,Tuttle Pond,21:58:00,NA,23:08:00,NA,Wet ground,NA,Rana catesbeiana,Adult,Female,BdSwab00205,DrySwab00104,CRSwab00093,BacSwab00204,NA,NA,NA,NA,NA,NA,NA,NA,NA,ToeClip00087,NA
Sydney Dawson,2022-07-18,Tuttle Pond,21:58:00,NA,23:10:00,NA,Wet ground,NA,Rana catesbeiana,Adult,Female,BdSwab00219,DrySwab00118,CRSwab00107,BacSwab00218,NA,NA,NA,NA,NA,NA,NA,NA,NA,ToeClip00101,NA
Brandon Hoenig,2022-07-18,Tuttle Pond,21:58:00,23:30:00,23:11:00,20.5,Wet ground,20.4,Rana catesbeiana,Juvenile,Unknown,BdSwab00194,DrySwab00093,CRSwab00082,BacSwab00193,MucBath00050,AMPBath00050,NA,NA,NA,AntiBod00045,NA,NA,NA,ToeClip00114,NA
Sydney Dawson,2022-07-18,Tuttle Pond,21:58:00,NA,23:12:00,NA,Water,NA,Rana catesbeiana,Adult,Female,BdSwab00217,DrySwab00116,CRSwab00105,BacSwab00216,NA,NA,NA,NA,NA,NA,NA,NA,NA,ToeClip00099,NA
Brandon Hoenig,2022-07-18,Tuttle Pond,21:58:00,23:30:00,23:15:00,20.5,Wet ground,20.6,Rana catesbeiana,Adult,Female,NA,NA,NA,NA,MucBath00052,NA,NA,NA,NA,NA,NA,NA,NA,ToeClip00119,NA
Myah Madril,2022-07-18,Tuttle Pond,21:58:00,23:41:00,23:16:00,23.2,Water,23.2,Rana catesbeiana,Juvenile,Unknown,BdSwab00216,DrySwab00115,CRSwab00104,BacSwab00215,NA,NA,NA,NA,NA,NA,NA,NA,NA,ToeClip00098,NA
Brandon Hoenig,2022-07-18,Tuttle Pond,21:58:00,23:30:00,23:19:00,22,Wet ground,20.8,Rana catesbeiana,Juvenile,Unknown,BdSwab00223,DrySwab00122,CRSwab00111,BacSwab00222,NA,NA,NA,NA,NA,NA,NA,NA,NA,ToeClip00105,NA
Sydney Dawson,2022-07-18,Tuttle Pond,21:58:00,NA,23:21:00,NA,Wet ground,NA,Rana catesbeiana,Juvenile,Unknown,BdSwab00230,DrySwab00129,CRSwab00118,BacSwab00229,NA,NA,NA,NA,NA,NA,NA,NA,NA,ToeClip00112,NA
Brandon Hoenig,2022-07-18,Tuttle Pond,21:58:00,23:30:00,23:22:00,20.4,Wet ground,20.9,Rana catesbeiana,Adult,Female,BdSwab00197,DrySwab00096,CRSwab00085,BacSwab00196,MucBath00053,AMPBath00053,NA,NA,NA,AntiBod00053,NA,NA,NA,ToeClip00116,NA
Brandon Hoenig,2022-07-18,Tuttle Pond,21:58:00,23:30:00,23:25:00,20.6,Wet ground,20.6,Rana catesbeiana,Juvenile,Unknown,BdSwab00202,DrySwab00101,CRSwab00090,BacSwab00201,NA,NA,NA,NA,NA,NA,NA,NA,NA,ToeClip00084,NA
Myah Madril,2022-07-18,Tuttle Pond,21:58:00,23:41:00,23:34:00,21.3,Wet ground,21.8,Rana catesbeiana,Adult,Female,BdSwab00220,DrySwab00119,CRSwab00108,BacSwab00219,NA,NA,NA,NA,NA,NA,NA,NA,NA,ToeClip00102,NA
Myah Madril,2022-07-18,Tuttle Pond,21:58:00,23:41:00,23:37:00,20.5,Wet ground,20.8,Rana catesbeiana,Juvenile,Unknown,BdSwab00221,DrySwab00120,CRSwab00109,BacSwab00220,NA,NA,NA,NA,NA,NA,NA,NA,NA,ToeClip00103,NA
Myah Madril,2022-07-19,Tuttle Pond,21:31:00,22:36:00,21:34:00,24.8,Wet ground,25.3,Rana catesbeiana,Juvenile,Unknown,NA,NA,NA,NA,NA,NA,NA,NA,NA,NA,NA,NA,NA,NA,NA
Brandon Hoenig,2022-07-19,Tuttle Pond,21:31:00,22:37:00,21:35:00,25.2,Water,25.3,Rana clamitans,Juvenile,Unknown,NA,NA,NA,NA,NA,NA,NA,NA,NA,NA,NA,NA,NA,NA,NA
Myah Madril,2022-07-19,Tuttle Pond,21:31:00,22:36:00,21:37:00,25.3,Wet ground,24.8,Rana catesbeiana,Adult,Female,BdSwab00247,DrySwab00147,CRSwab00135,BacSwab00246,NA,NA,NA,NA,NA,NA,NA,NA,NA,NA,NA
Sydney Dawson,2022-07-19,Tuttle Pond,21:36:00,22:04:00,21:38:00,24.7,Wet ground,24.6,Rana catesbeiana,Juvenile,Unknown,NA,NA,NA,NA,NA,NA,NA,NA,NA,NA,NA,NA,NA,NA,NA
Brandon Hoenig,2022-07-19,Tuttle Pond,21:31:00,22:37:00,21:38:00,25.6,Wet ground,26.4,Rana catesbeiana,Juvenile,Unknown,BdSwab00235,DrySwab00134,CRSwab00123,BacSwab00234,NA,NA,NA,NA,NA,NA,NA,NA,NA,NA,NA
Myah Madril,2022-07-19,Tuttle Pond,21:31:00,22:36:00,21:41:00,26,Wet ground,26.2,Rana catesbeiana,Juvenile,NA,BdSwab00243,DrySwab00143,CRSwab00131,BacSwab00242,NA,NA,NA,NA,NA,NA,NA,NA,NA,NA,NA
Sydney Dawson,2022-07-19,Tuttle Pond,21:36:00,22:04:00,21:41:00,25.3,Water,25.2,Rana catesbeiana,Juvenile,Unknown,NA,NA,NA,NA,NA,NA,NA,NA,NA,NA,NA,NA,NA,NA,NA
Brandon Hoenig,2022-07-19,Tuttle Pond,21:31:00,22:37:00,21:42:00,25.1,Wet ground,25.5,Rana catesbeiana,Adult,Female,BdSwab00251,DrySwab00151,CRSwab00139,BacSwab00250,NA,NA,NA,NA,NA,NA,NA,NA,NA,NA,NA
Myah Madril,2022-07-19,Tuttle Pond,21:31:00,22:36:00,21:44:00,25,Wet ground,25.2,Rana catesbeiana,Adult,Female,BdSwab00248,DrySwab00148,CRSwab00136,BacSwab00247,NA,NA,NA,NA,NA,NA,NA,NA,NA,NA,NA
Sydney Dawson,2022-07-19,Tuttle Pond,21:36:00,22:04:00,21:46:00,24.5,Wet ground,24.8,Rana catesbeiana,Juvenile,Unknown,NA,NA,NA,NA,NA,NA,NA,NA,NA,NA,NA,NA,NA,NA,NA
NA,2022-07-19,Tuttle Pond,21:35:00,22:07:00,21:46:00,24,Wet ground,23.9,Rana catesbeiana,NA,NA,NA,NA,NA,NA,NA,NA,NA,NA,NA,NA,NA,NA,NA,NA,NA
Brandon Hoenig,2022-07-19,Tuttle Pond,21:31:00,22:37:00,21:47:00,25.3,Wet ground,25.3,Rana catesbeiana,Adult,Female,BdSwab00253,DrySwab00153,CRSwab00141,BacSwab00252,NA,NA,NA,NA,NA,NA,NA,NA,NA,NA,NA
Myah Madril,2022-07-19,Tuttle Pond,21:31:00,22:36:00,21:48:00,26.2,Water,26.2,Rana catesbeiana,Adult,Female,BdSwab00244,DrySwab00144,CRSwab00132,BacSwab00243,NA,NA,NA,NA,NA,NA,NA,NA,NA,NA,NA
Sydney Dawson,2022-07-19,Tuttle Pond,21:36:00,22:04:00,21:48:00,24.1,Wet ground,24.1,Rana catesbeiana,NA,NA,NA,NA,NA,NA,NA,NA,NA,NA,NA,NA,NA,NA,NA,NA,NA
Brandon Hoenig,2022-07-19,Tuttle Pond,21:31:00,22:37:00,21:49:00,24.4,Wet ground,25,Rana catesbeiana,Juvenile,Unknown,BdSwab00233,DrySwab00132,CRSwab00121,BacSwab00232,NA,NA,NA,NA,NA,NA,NA,NA,NA,NA,NA
Myah Madril,2022-07-19,Tuttle Pond,21:31:00,22:36:00,21:50:00,24.7,Wet ground,25.3,Rana clamitans,Adult,Male,NA,NA,NA,NA,NA,NA,NA,NA,NA,NA,NA,NA,NA,NA,NA
NA,2022-07-19,Tuttle Pond,21:35:00,22:07:00,21:51:00,24,Wet ground,24.1,Rana catesbeiana,NA,NA,NA,NA,NA,NA,NA,NA,NA,NA,NA,NA,NA,NA,NA,NA,NA
Brandon Hoenig,2022-07-19,Tuttle Pond,21:31:00,22:37:00,21:52:00,24.6,Wet ground,24.9,Rana catesbeiana,Adult,Female,BdSwab00250,DrySwab00150,CRSwab00138,BacSwab00249,NA,NA,NA,NA,NA,NA,NA,NA,NA,NA,NA
Sydney Dawson,2022-07-19,Tuttle Pond,21:36:00,22:04:00,21:52:00,NA,Water,NA,Rana pipiens,Adult,Unknown,BdSwab00254,DrySwab00154,CRSwab00142,BacSwab00253,MucBath00057,NA,NA,NA,NA,NA,NA,NA,NA,ToeClip00121,NA
Myah Madril,2022-07-19,Tuttle Pond,21:31:00,22:36:00,21:53:00,24.4,Wet ground,25.7,Rana catesbeiana,Juvenile,NA,BdSwab00249,DrySwab00149,CRSwab00137,BacSwab00248,NA,NA,NA,NA,NA,NA,NA,NA,NA,NA,NA
Brandon Hoenig,2022-07-19,Tuttle Pond,21:31:00,22:37:00,21:54:00,24.6,Water,25.1,Rana catesbeiana,Adult,Female,BdSwab00245,DrySwab00145,CRSwab00133,BacSwab00244,NA,NA,NA,NA,NA,NA,NA,NA,NA,NA,NA
Sydney Dawson,2022-07-19,Tuttle Pond,21:36:00,22:04:00,21:57:00,24.3,Wet ground,24.4,Rana catesbeiana,NA,NA,NA,NA,NA,NA,NA,NA,NA,NA,NA,NA,NA,NA,NA,NA,NA
Brandon Hoenig,2022-07-19,Tuttle Pond,21:31:00,22:37:00,21:57:00,24.6,Wet ground,24.9,Rana catesbeiana,Juvenile,Unknown,BdSwab00234,DrySwab00133,CRSwab00122,BacSwab00233,NA,NA,NA,NA,NA,NA,NA,NA,NA,NA,NA
Myah Madril,2022-07-19,Tuttle Pond,21:31:00,22:36:00,21:58:00,25.2,Water,25.2,Rana catesbeiana,Adult,Female,BdSwab00236,DrySwab00135,CRSwab00124,BacSwab00235,NA,NA,NA,NA,NA,NA,NA,NA,NA,NA,NA
Brandon Hoenig,2022-07-19,Tuttle Pond,21:31:00,22:37:00,21:59:00,24.4,Wet ground,25.1,Rana catesbeiana,Juvenile,Unknown,BdSwab00239,DrySwab00138,CRSwab00127,BacSwab00238,NA,NA,NA,NA,NA,NA,NA,NA,NA,NA,NA
Sydney Dawson,2022-07-19,Tuttle Pond,21:36:00,22:04:00,22:00:00,24.3,Wet ground,24.1,Rana catesbeiana,Adult,Female,BdSwab00242,DrySwab00142,CRSwab00130,BacSwab00241,NA,NA,NA,NA,NA,NA,NA,NA,NA,NA,NA
NA,2022-07-19,Tuttle Pond,21:35:00,22:07:00,22:01:00,25.1,Water,24.9,Rana pipiens,Adult,Unknown,BdSwab00255,DrySwab00155,CRSwab00143,BacSwab00254,MucBath00056,NA,NA,NA,NA,NA,NA,NA,NA,ToeClip00120,NA
Brandon Hoenig,2022-07-19,Tuttle Pond,21:31:00,22:37:00,22:17:00,23.6,Water,24,Rana catesbeiana,Adult,Female,BdSwab00237,DrySwab00136,CRSwab00125,BacSwab00236,NA,NA,NA,NA,NA,NA,NA,NA,NA,NA,NA
Myah Madril,2022-07-19,Tuttle Pond,21:31:00,22:36:00,22:21:00,25.4,Water,26.2,Rana catesbeiana,NA,NA,NA,NA,NA,NA,NA,NA,NA,NA,NA,NA,NA,NA,NA,NA,NA
Brandon Hoenig,2022-07-19,Tuttle Pond,21:31:00,22:37:00,22:22:00,23.6,Wet ground,23.4,Rana catesbeiana,Adult,Female,BdSwab00241,DrySwab00141,CRSwab00129,BacSwab00240,NA,NA,NA,NA,NA,NA,NA,NA,NA,NA,NA
Myah Madril,2022-07-19,Tuttle Pond,21:31:00,22:36:00,22:23:00,25.6,Water,25.8,Rana catesbeiana,Adult,Female,BdSwab00246,DrySwab00146,CRSwab00134,BacSwab00245,NA,NA,NA,NA,NA,NA,NA,NA,NA,NA,NA
Myah Madril,2022-07-19,Tuttle Pond,21:31:00,22:36:00,22:26:00,24.5,Water,24.9,Rana catesbeiana,Juvenile,Unknown,BdSwab00238,DrySwab00137,CRSwab00126,BacSwab00237,NA,NA,NA,NA,NA,NA,NA,NA,NA,NA,NA
Brandon Hoenig,2022-07-19,Tuttle Pond,21:31:00,22:37:00,22:32:00,23.6,Wet ground,23.6,Rana catesbeiana,NA,NA,NA,NA,NA,NA,NA,NA,NA,NA,NA,NA,NA,NA,NA,NA,NA
Myah Madril,2022-07-19,Tuttle Pond,21:31:00,22:36:00,22:33:00,25.2,Wet ground,25.2,Rana catesbeiana,Juvenile,Unknown,BdSwab00240,DrySwab00139,CRSwab00128,BacSwab00239,NA,NA,NA,NA,NA,NA,NA,NA,NA,NA,NA
Brandon Hoenig,2022-07-19,Tuttle Pond,21:31:00,22:37:00,22:36:00,23.9,Water,24,Rana catesbeiana,Juvenile,Unknown,BdSwab00252,DrySwab00152,CRSwab00140,BacSwab00251,NA,NA,NA,NA,NA,NA,NA,NA,NA,NA,NA
NA,2022-06-07,RV Pond,NA,NA,NA,NA,NA,NA,Negative Control,NA,NA,NA,NA,NA,NA,MucBath00027,NA,NA,NA,NA,NA,NA,NA,NA,NA,NA
NA,2022-06-07,RV Pond,NA,NA,NA,NA,NA,NA,Rana catesbeiana,NA,NA,NA,NA,NA,NA,NA,NA,NA,NA,NA,NA,NA,NA,NA,ToeClip00016,NA
NA,2022-06-07,RV Pond,NA,NA,NA,NA,NA,NA,Rana catesbeiana,NA,NA,NA,NA,NA,NA,NA,NA,NA,NA,NA,NA,NA,NA,NA,ToeClip00018,NA
NA,2022-06-07,RV Pond,NA,NA,NA,NA,NA,NA,Rana catesbeiana,NA,NA,NA,NA,NA,NA,NA,NA,NA,NA,NA,NA,NA,NA,NA,ToeClip00019,NA
NA,2022-06-07,RV Pond,NA,NA,NA,NA,NA,NA,Rana catesbeiana,NA,NA,NA,NA,NA,NA,NA,NA,NA,NA,NA,NA,NA,NA,NA,ToeClip00017,NA
NA,2022-06-14,Tuttle Pond,NA,NA,NA,NA,NA,NA,Rana catesbeiana,Adult,Female,BDSwab00099,NA,NA,BacSwab00099,NA,NA,NA,NA,NA,NA,NA,NA,NA,ToeClip00030,NA
NA,2022-06-14,Tuttle Pond,NA,NA,NA,NA,NA,NA,Rana clamitans,Adult,Male,NA,NA,NA,NA,NA,NA,NA,NA,NA,NA,NA,NA,NA,NA,NA
NA,2022-06-16,Tuttle Pond,NA,NA,NA,NA,NA,NA,Negative Control,NA,NA,BdSwab00130,NA,NA,BacSwab00129,MucBath00037,AMPBath00037,NA,NA,NA,AntiBod00037,NA,NA,NA,NA,NA
NA,2022-06-23,Tryon-Weber,NA,NA,NA,NA,NA,NA,Desmognathus fuscus,Adult,Unknown,NA,NA,NA,NA,NA,NA,NA,NA,NA,NA,NA,NA,NA,NA,NA
NA,2022-06-27,Vorisek Pond,NA,NA,NA,NA,NA,NA,Negative Control,NA,NA,BdSwab00135,DrySwab00016,CRSwab00005,BacSwab00134,MucBath00043,AMPBath00043,NA,NA,NA,AntiBod00043,NA,NA,NA,NA,NA
NA,2022-07-11,RV Pond,NA,NA,NA,NA,NA,NA,Negative Control,NA,NA,NA,NA,NA,NA,MucBath00049,AMPBath00049,NA,NA,NA,AntiBod00050,NA,NA,NA,NA,NA
NA,2022-07-18,Tuttle Pond,NA,NA,NA,NA,NA,NA,Negative Control,NA,NA,BdSwab00232,DrySwab00131,CRSwab00120,BacSwab00231,NA,NA,NA,NA,NA,NA,NA,NA,NA,NA,NA
NA,2022-07-19,Tuttle Pond,NA,NA,NA,NA,NA,NA,Negative Control,NA,NA,NA,NA,NA,NA,MucBath00058,AMPBath00056,AMPBath00056,NA,NA,NA,NA,NA,NA,NA,NA
NA,2022-05-04,Wood Lab Pond,NA,NA,22:50:00,10.9,Leaf litter,10.9,Pseudacris crucifer,Adult,Male,NA,NA,NA,NA,NA,NA,NA,NA,NA,NA,NA,NA,NA,NA,2022-05-04-wood-pscr1
NA,2022-05-04,Wood Lab Pond,NA,NA,22:35:00,NA,Water,13.5,Rana catesbeiana,Juvenile,NA,NA,NA,NA,NA,NA,NA,NA,NA,NA,NA,NA,NA,NA,NA,2022-05-04 wood racl #2
NA,2022-05-04,Wood Lab Pond,NA,NA,22:14:00,NA,Tree/Log/Bush (Lower than 1m),11.8,Pseudacris crucifer,Adult,Male,NA,NA,NA,NA,NA,NA,NA,NA,NA,NA,NA,NA,NA,NA,2022-05-04 wood pscr #3
NA,2022-05-04,Wood Lab Pond,NA,NA,10:08:00,NA,Water,NA,Rana catesbeiana,Juvenile,NA,NA,NA,NA,NA,NA,NA,NA,NA,NA,NA,NA,NA,NA,NA,2022-05-04 wood raca #4
NA,2022-05-04,Wood Lab Pond,NA,NA,21:35:00,NA,Water,12.9,Rana clamitans,Juvenile,NA,NA,NA,NA,NA,NA,NA,NA,NA,NA,NA,NA,NA,NA,NA,2022-05-04 wood racl #5
NA,2022-05-05,Phelps Pond,NA,NA,22:09:00,NA,Emergent Vegetation (Lower than 1m),NA,Rana catesbeiana,Adult,Female,NA,NA,NA,NA,NA,NA,NA,NA,NA,NA,NA,NA,NA,NA,2022-05-05 Phelps raca #1
NA,2022-05-05,Phelps Pond,NA,NA,08:49:00,16.8,Water,16.8,Rana catesbeiana,Adult,Female,NA,NA,NA,NA,NA,NA,NA,NA,NA,NA,NA,NA,NA,NA,"2022-05-05 Phelps raca #15; probably greater than 100 grams, no scale available"
NA,2022-05-05,Phelps Pond,NA,NA,21:53:00,NA,Water,14,Rana clamitans,Adult,Female,NA,NA,NA,NA,NA,NA,NA,NA,NA,NA,NA,NA,NA,NA,2022-05-05 Phelps racl #2
NA,2022-05-05,Phelps Pond,NA,NA,21:41:00,NA,Water,14.4,Rana clamitans,Adult,Female,NA,NA,NA,NA,NA,NA,NA,NA,NA,NA,NA,NA,NA,NA,2022-05-05 Phelps racl #3
NA,2022-05-05,Phelps Pond,NA,NA,21:37:00,NA,Water,15.1,Rana clamitans,NA,Female,NA,NA,NA,NA,NA,NA,NA,NA,NA,NA,NA,NA,NA,NA,2022-05-05 Phelps racl #4
NA,2022-05-05,Phelps Pond,NA,NA,21:18:00,NA,Water,NA,Rana catesbeiana,Adult,Female,NA,NA,NA,NA,NA,NA,NA,NA,NA,NA,NA,NA,NA,NA,2022-05-05 Phelps raca #5
NA,2022-05-05,Phelps Pond,NA,NA,22:24:00,NA,Water,14.1,Rana clamitans,Adult,Male,NA,NA,NA,NA,NA,NA,NA,NA,NA,NA,NA,NA,NA,NA,2022-05-05 Phelps racl #6
NA,2022-05-05,Phelps Pond,NA,NA,21:49:00,NA,Water,14.4,Rana clamitans,Adult,Female,NA,NA,NA,NA,NA,NA,NA,NA,NA,NA,NA,NA,NA,NA,2022-05-05 Phelps racl #7
NA,2022-05-05,Phelps Pond,NA,NA,09:21:00,16,Water,15.7,Rana clamitans,NA,Female,NA,NA,NA,NA,NA,NA,NA,NA,NA,NA,NA,NA,NA,NA,2022-05-05 Phelps racl #8; red groin
NA,2022-05-05,Phelps Pond,NA,NA,09:46:00,NA,Emergent Vegetation (Lower than 1m),14.3,Rana catesbeiana,Adult,Male,NA,NA,NA,NA,NA,NA,NA,NA,NA,NA,NA,NA,NA,NA,2022-05-05 Phelps raca #9
NA,2022-05-05,Phelps Pond,NA,NA,08:52:00,15.5,Water,15.5,Rana clamitans,Adult,Male,NA,NA,NA,NA,NA,NA,NA,NA,NA,NA,NA,NA,NA,NA,2022-05-05 Phelps racl #10
NA,2022-05-05,Phelps Pond,NA,NA,09:13:00,12.6,Emergent Vegetation (Lower than 1m),12.6,Pseudacris crucifer,Adult,Male,NA,NA,NA,NA,NA,NA,NA,NA,NA,NA,NA,NA,NA,NA,2022-05-05 Phelps pscr #11; skin tag on throat
NA,2022-05-05,Phelps Pond,NA,NA,09:14:00,12.3,Emergent Vegetation (Lower than 1m),12.6,Pseudacris crucifer,Adult,Male,NA,NA,NA,NA,NA,NA,NA,NA,NA,NA,NA,NA,NA,NA,2022-05-05 Phelps pscr #12
NA,2022-05-05,Phelps Pond,NA,NA,08:43:00,13,Emergent Vegetation (Lower than 1m),13,Pseudacris crucifer,Adult,Male,NA,NA,NA,NA,NA,NA,NA,NA,NA,NA,NA,NA,NA,NA,2022-05-05 Phelps pscr #13
NA,2022-05-05,Phelps Pond,NA,NA,08:48:00,12.5,Emergent Vegetation (Lower than 1m),12.8,Pseudacris crucifer,Adult,Male,NA,NA,NA,NA,NA,NA,NA,NA,NA,NA,NA,NA,NA,NA,2022-05-05 Phelps pscr #14
NA,2022-05-11,Admin Pond,NA,NA,21:11:00,NA,Tree/Log/Bush (Lower than 1m),16.8,Pseudacris crucifer,Adult,Male,2022-05-11-admin-pscr1,NA,NA,NA,NA,NA,NA,NA,NA,NA,NA,NA,NA,NA,2022-05-11 admin pscr #1
NA,2022-05-11,Admin Pond,NA,NA,22:45:00,NA,Water,17.7,Rana catesbeiana,Juvenile,Unknown,2022-05-11-admin-raca2,NA,NA,NA,NA,NA,NA,NA,NA,NA,NA,NA,NA,NA,NA
NA,2022-05-11,Admin Pond,NA,NA,22:55:00,17.1,Water,17.2,Rana catesbeiana,Adult,Female,2022-05-11-admin-raca3,NA,NA,NA,NA,NA,NA,NA,NA,NA,NA,NA,NA,NA,NA
NA,2022-05-11,Admin Pond,NA,NA,21:42:00,15.4,Tree/Log/Bush (Lower than 1m),16,Pseudacris crucifer,Adult,Male,NA,NA,NA,NA,NA,NA,NA,NA,NA,NA,NA,NA,NA,NA,NA
NA,2022-05-11,Admin Pond,NA,NA,21:16:00,15.9,Tree/Log/Bush (Lower than 1m),16.7,Pseudacris crucifer,Adult,Male,2022-05-11-admin-pscr-5,NA,NA,NA,NA,NA,NA,NA,NA,NA,NA,NA,NA,NA,NA
NA,2022-05-11,Admin Pond,NA,NA,21:19:00,16.9,Tree/Log/Bush (Lower than 1m),16.9,Pseudacris crucifer,Adult,Male,2022-05-11-admin-pscr6,NA,NA,NA,NA,NA,NA,NA,NA,NA,NA,NA,NA,NA,NA
NA,2022-05-11,Admin Pond,NA,NA,22:27:00,18.1,Water,18.4,Rana catesbeiana,Juvenile,Unknown,2022-05-11-admin-raca7,NA,NA,NA,NA,NA,NA,NA,NA,NA,NA,NA,NA,NA,NA
NA,2022-05-11,Admin Pond,NA,NA,22:00:00,19.3,Water,19.1,Rana catesbeiana,Juvenile,Unknown,2022-05-11-admin-raca8,NA,NA,NA,NA,NA,NA,NA,NA,NA,NA,NA,NA,NA,NA
NA,2022-05-11,Admin Pond,NA,NA,21:19:00,20.1,Water,19.9,Rana catesbeiana,Juvenile,Unknown,2022-05-11-admin-raca9,NA,NA,NA,NA,NA,NA,NA,NA,NA,NA,NA,NA,NA,NA
NA,2022-05-11,Admin Pond,NA,NA,22:31:00,18.2,Water,18.2,Rana catesbeiana,Juvenile,Unknown,2022-05-11-admin-raca10,NA,NA,NA,NA,NA,NA,NA,NA,NA,NA,NA,NA,NA,NA
NA,2022-05-11,Admin Pond,NA,NA,09:29:00,19.1,Water,19.7,Rana catesbeiana,Juvenile,Unknown,2022-05-11-admin-raca11,NA,NA,NA,NA,NA,NA,NA,NA,NA,NA,NA,NA,NA,NA
NA,2022-05-11,Admin Pond,NA,NA,10:07:00,19.1,Water,19.3,Rana catesbeiana,Juvenile,NA,2022-05-11-admin-raca12,NA,NA,NA,NA,NA,NA,NA,NA,NA,NA,NA,NA,NA,NA
NA,2022-05-11,Admin Pond,NA,NA,09:24:00,19.1,Water,19,Rana catesbeiana,Juvenile,Unknown,NA,NA,NA,NA,NA,NA,NA,NA,NA,NA,NA,NA,NA,NA,NA
NA,2022-05-11,Admin Pond,NA,NA,21:21:00,19.4,Water,19.3,Rana clamitans,Adult,Male,2022-05-11-admin-racl14,NA,NA,NA,NA,NA,NA,NA,NA,NA,NA,NA,NA,NA,NA
NA,2022-05-11,Admin Pond,NA,NA,22:39:00,18.3,Water,18.2,Rana clamitans,Adult,Male,2022-05-11-admin-racl15,NA,NA,NA,NA,NA,NA,NA,NA,NA,NA,NA,NA,NA,NA
NA,2022-05-11,Admin Pond,NA,NA,09:51:00,19.5,Water,19.6,Rana clamitans,Adult,Female,2022-05-11-admin-racl16,NA,NA,NA,NA,NA,NA,NA,NA,NA,NA,NA,NA,NA,NA
NA,2022-05-11,Admin Pond,NA,NA,21:06:00,NA,Water,20.8,Rana clamitans,Adult,Female,2022-05-11-admin-racl17,NA,NA,NA,NA,NA,NA,NA,NA,NA,NA,NA,NA,NA,NA
NA,2022-05-11,Admin Pond,NA,NA,21:53:00,19,Water,19.4,Rana clamitans,Adult,Female,2022-05-11-admin-racl18,NA,NA,NA,NA,NA,NA,NA,NA,NA,NA,NA,NA,NA,NA
NA,2022-05-11,Admin Pond,NA,NA,21:26:00,NA,Leaf litter,19.1,NA,Adult,Unknown,2022-05-11-admin-toad19,NA,NA,NA,NA,NA,NA,NA,NA,NA,NA,NA,NA,NA,NA
NA,2022-05-12,RV Pond,NA,NA,21:51:00,20.1,Water,21.7,Rana catesbeiana,Adult,Male,2022-05-12-rv-raca1,NA,NA,NA,2022-05-12-rv-raca1,NA,NA,NA,NA,NA,NA,NA,NA,NA,NA
NA,2022-05-12,RV Pond,NA,NA,21:01:00,16.2,Water,17.4,Pseudacris crucifer,Adult,Male,2022-05-12-rv-pscr2,NA,NA,NA,2022-05-12-rv-pscr2,NA,NA,NA,NA,NA,NA,NA,NA,NA,NA
NA,2022-05-12,RV Pond,NA,NA,20:56:00,16.9,Leaf litter,16.8,Pseudacris crucifer,Adult,Male,2022-05-12-rv-pscr3,NA,NA,NA,2022-05-12-rv-pscr3,NA,NA,NA,NA,NA,NA,NA,NA,NA,NA
NA,2022-05-12,RV Pond,NA,NA,21:18:00,15.5,Dry ground,15.8,Pseudacris crucifer,Adult,Male,2022-05-12-rv-pscr4,NA,NA,NA,2022-05-12-rv-pscr4,NA,NA,NA,NA,NA,NA,NA,NA,NA,NA
NA,2022-05-12,RV Pond,NA,NA,21:12:00,16.4,Dry ground,16.3,Pseudacris crucifer,Adult,Male,2022-05-12-rv-pscr5,NA,NA,NA,2022-05-12-rv-pscr5,NA,NA,NA,NA,NA,NA,NA,NA,NA,Mucus sample was done for 20 minutes.
NA,2022-05-12,RV Pond,NA,NA,21:05:00,14.4,Dry ground,14.7,Pseudacris crucifer,Adult,Male,2022-05-12-rv-pscr6,NA,NA,NA,2022-05-12-rv-pscr6,NA,NA,NA,NA,NA,NA,NA,NA,NA,NA
NA,2022-05-12,RV Pond,NA,NA,21:25:00,14.9,Tree/Log/Bush (Lower than 1m),15.9,Pseudacris crucifer,Adult,Male,2022-05-12-rv-pscr7,NA,NA,NA,2022-05-12-rv-pscr7,NA,NA,NA,NA,NA,NA,NA,NA,NA,NA
NA,2022-05-12,RV Pond,NA,NA,21:10:00,15.7,Leaf litter,15.6,Pseudacris crucifer,Adult,Male,2022-05-12-rv-pscr8,NA,NA,NA,2022-05-12-rv-pscr8,NA,NA,NA,NA,NA,NA,NA,NA,NA,NA
NA,2022-05-12,RV Pond,NA,NA,21:17:00,15.6,Dry ground,15.6,Pseudacris crucifer,Adult,Male,2022-05-12-rv-pscr9,NA,NA,NA,2022-05-12-rv-pscr9,NA,NA,NA,NA,NA,NA,NA,NA,NA,NA
NA,2022-05-12,RV Pond,NA,NA,21:22:00,15.3,Dry ground,15.4,Pseudacris crucifer,Adult,Male,2022-05-12-rv-pscr10,NA,NA,NA,2022-05-12-rv-pscr10,NA,NA,NA,NA,NA,NA,NA,NA,NA,NA
NA,2022-05-12,RV Pond,NA,NA,21:24:00,14.8,Dry ground,14.8,Pseudacris crucifer,Adult,Male,2022-05-12-rv-pscr11,NA,NA,NA,2022-05-12-rv-pscr11,NA,NA,NA,NA,NA,NA,NA,NA,NA,NA
NA,2022-05-12,RV Pond,NA,NA,21:28:00,14.7,Dry ground,14.7,Pseudacris crucifer,Adult,Unknown,2022-05-12-rv-pscr12,NA,NA,NA,2022-05-12-rv-pscr12,NA,NA,NA,NA,NA,NA,NA,NA,NA,NA
NA,2022-05-12,RV Pond,NA,NA,20:51:00,18.2,Dry ground,18.2,Pseudacris crucifer,Adult,Male,2022-05-12-rv-pscr13,NA,NA,NA,2022-05-12-rv-pscr13,NA,NA,NA,NA,NA,NA,NA,NA,NA,NA
NA,2022-05-12,RV Pond,NA,NA,21:14:00,15.3,Dry ground,15.2,Pseudacris crucifer,Adult,Male,2022-05-12-rv-pscr14,NA,NA,NA,2022-05-12-rv-pscr14,NA,NA,NA,NA,NA,NA,NA,NA,NA,NA
NA,2022-05-12,RV Pond,NA,NA,21:03:00,17.3,Tree/Log/Bush (Lower than 1m),17.3,Pseudacris crucifer,Adult,Male,2022-05-12-rv-pscr15,NA,NA,NA,2022-05-12-rv-pscr15,NA,NA,NA,NA,NA,NA,NA,NA,NA,NA
NA,2022-05-12,RV Pond,NA,NA,21:08:00,15.7,Leaf litter,15.6,Pseudacris crucifer,Adult,Male,2022-05-12-rv-pscr16,NA,NA,NA,2022-05-12-rv-pscr16,NA,NA,NA,NA,NA,NA,NA,NA,NA,NA
NA,2022-05-12,RV Pond,NA,NA,20:45:00,NA,NA,NA,Pseudacris crucifer,Adult,Male,2022-05-12-rv-pscr17,NA,NA,NA,2022-05-12-rv-pscr17,NA,NA,NA,NA,NA,NA,NA,NA,NA,NA
NA,2022-05-12,RV Pond,NA,NA,21:33:00,17.8,Wet ground,17.8,Hyla versicolor,Adult,Male,2022-05-12-rv-hyve18,NA,NA,NA,NA,NA,NA,NA,NA,NA,NA,NA,NA,NA,NA
NA,2022-05-12,RV Pond,NA,NA,21:37:00,19.8,Water,19.7,Hyla versicolor,Adult,Male,2022-05-12-rv-hyve19,NA,NA,NA,NA,NA,NA,NA,NA,NA,NA,NA,NA,NA,NA
NA,2022-05-12,RV Pond,NA,NA,21:47:00,21.8,Water,22.3,Hyla versicolor,Adult,Unknown,2022-05-12-rv-hyve20,NA,NA,NA,NA,NA,NA,NA,NA,NA,NA,NA,NA,NA,NA
NA,2022-05-12,RV Pond,NA,NA,20:56:00,18.3,Tree/Log/Bush (Higher than 1m),18.3,Hyla versicolor,Adult,Male,2022-05-12-rv-hyve21,NA,NA,NA,NA,NA,NA,NA,NA,NA,NA,NA,NA,NA,NA
NA,2022-05-12,RV Pond,NA,NA,21:38:00,18.7,Tree/Log/Bush (Lower than 1m),18.2,Hyla versicolor,Adult,Male,2022-05-12-rv-hyve22,NA,NA,NA,NA,NA,NA,NA,NA,NA,NA,NA,NA,NA,NA
NA,2022-05-12,RV Pond,NA,NA,21:54:00,21.7,Water,22,Hyla versicolor,Adult,Male,2022-05-12-rv-hyve23,NA,NA,NA,NA,NA,NA,NA,NA,NA,NA,NA,NA,NA,NA
NA,2022-05-12,RV Pond,NA,NA,21:41:00,18.1,Tree/Log/Bush (Lower than 1m),18.4,Hyla versicolor,Adult,Male,2022-05-12-rv-hyve24,NA,NA,NA,NA,NA,NA,NA,NA,NA,NA,NA,NA,NA,NA
NA,2022-05-18,Admin Pond,NA,NA,21:09:00,13.7,Water,13.7,Rana catesbeiana,Juvenile,Unknown,2022-0518-admin-raca1,NA,NA,2022-0518-admin-raca1,2022-0518-admin-raca1,NA,NA,NA,NA,NA,NA,NA,NA,NA,NA
NA,2022-05-18,Admin Pond,NA,NA,21:15:00,13.7,Wet ground,13.7,Rana catesbeiana,Juvenile,Unknown,2022-05-18-admin-raca2,NA,NA,2022-05-18-admin-raca2,2022-05-18-admin-raca2,NA,NA,NA,NA,NA,NA,NA,NA,NA,NA
NA,2022-05-18,Admin Pond,NA,NA,22:11:00,13.4,Leaf litter,13.5,Rana catesbeiana,Juvenile,Unknown,NA,NA,NA,2022-05-8-admin-raca3,2022-05-8-admin-raca3,NA,NA,NA,NA,NA,NA,NA,NA,NA,NA
NA,2022-05-18,Admin Pond,NA,NA,21:03:00,12.9,Water,13,Rana catesbeiana,Juvenile,Unknown,2022-05-18-admin-raca4,NA,NA,2022-05-18-admin-raca4,2022-05-18-admin-raca4,NA,NA,NA,NA,NA,NA,NA,NA,NA,NA
NA,2022-05-18,Admin Pond,NA,NA,22:05:00,13.6,Water,13.6,Rana catesbeiana,Juvenile,Unknown,2022-05-18-admin-raca5,NA,NA,2022-05-18-admin-raca5,2022-05-18-admin-raca5,NA,NA,NA,NA,NA,NA,NA,NA,NA,NA
NA,2022-05-18,Admin Pond,NA,NA,21:55:00,12.9,Water,13,Rana catesbeiana,Juvenile,Unknown,2022-05-18-admin-raca6,NA,NA,2022-05-18-admin-raca6,2022-05-18-admin-raca6,NA,NA,NA,NA,NA,NA,NA,NA,NA,NA
NA,2022-05-18,Admin Pond,NA,NA,21:55:00,13.4,Water,13.4,Rana catesbeiana,Juvenile,Unknown,NA,NA,NA,NA,2022-05-18-admin-raca7,NA,NA,NA,NA,NA,NA,NA,NA,NA,NA
NA,2022-05-18,Admin Pond,NA,NA,22:00:00,12.8,Water,12.8,Rana catesbeiana,Juvenile,Unknown,2022-05-18-admin-raca8,NA,NA,2022-05-18-admin-raca8,2022-05-18-admin-raca8,NA,NA,NA,NA,NA,NA,NA,NA,NA,NA
NA,2022-05-18,Admin Pond,NA,NA,22:09:00,13.6,Water,13.6,Rana catesbeiana,Juvenile,Unknown,2022-05-18-admin-raca9,NA,NA,2022-05-18-admin-raca9,2022-05-18-admin-raca9,NA,NA,NA,NA,NA,NA,NA,NA,NA,NA
NA,2022-05-18,Admin Pond,NA,NA,21:30:00,13.5,Wet ground,13.5,Rana catesbeiana,Juvenile,Unknown,NA,NA,NA,NA,2022-05-18-admin-raca10,NA,NA,NA,NA,NA,NA,NA,NA,NA,NA
NA,2022-05-18,Admin Pond,NA,NA,10:21:00,13.4,Water,13.3,Rana catesbeiana,Juvenile,Unknown,2022-05-18-admin-raca11,NA,NA,2022-05-18-admin-raca11,2022-05-18-admin-raca11,NA,NA,NA,NA,NA,NA,NA,NA,NA,NA
NA,2022-05-18,Admin Pond,NA,NA,09:27:00,12.7,Water,12.7,Rana catesbeiana,Juvenile,Unknown,2022-05-18-admin-raca12,NA,NA,2022-05-18-admin-raca12,2022-05-18-admin-raca12,NA,NA,NA,NA,NA,NA,NA,NA,NA,NA
NA,2022-05-18,Admin Pond,NA,NA,09:45:00,13.4,Water,13.4,Rana catesbeiana,Juvenile,Unknown,2022-05-18-admin-raca13,NA,NA,2022-05-18-admin-raca13,2022-05-18-admin-raca13,NA,NA,NA,NA,NA,NA,NA,NA,NA,NA
NA,2022-05-18,Admin Pond,NA,NA,09:12:00,12.8,Water,12.8,Rana catesbeiana,Juvenile,Unknown,2022-05-18-admin-raca14,NA,NA,2022-05-18-admin-raca14,2022-05-18-admin-raca14,NA,NA,NA,NA,NA,NA,NA,NA,NA,NA
NA,2022-05-18,Admin Pond,NA,NA,20:57:00,13.3,Water,14.1,Rana catesbeiana,Juvenile,Unknown,2022-05-18-admin-raca15,NA,NA,2022-05-18-admin-raca15,2022-05-18-admin-raca15,NA,NA,NA,NA,NA,NA,NA,NA,NA,NA
NA,2022-05-18,Admin Pond,NA,NA,09:44:00,12.8,Water,12.8,Rana pipiens,Adult,Female,2022-05-18admin-rapi16,NA,NA,2022-05-18admin-rapi16,2022-05-18admin-rapi16,NA,NA,NA,NA,NA,NA,NA,NA,NA,NA
NA,2022-05-18,Admin Pond,NA,NA,10:19:00,13.9,Water,13.9,Rana pipiens,Adult,Female,2022-05-18-admin-rapi17,NA,NA,2022-05-18-admin-rapi17,2022-05-18-admin-rapi17,NA,NA,NA,NA,NA,NA,NA,NA,NA,NA
NA,2022-05-18,Admin Pond,NA,NA,NA,NA,NA,NA,Rana pipiens,Adult,Female,2022-05-18-admin-rapi18,NA,NA,2022-05-18-admin-rapi18,2022-05-18-admin-rapi18,NA,NA,NA,NA,NA,NA,NA,NA,NA,NA
NA,2022-05-18,Admin Pond,NA,NA,NA,NA,Emergent Vegetation (Lower than 1m),NA,Pseudacris crucifer,Adult,Male,2022-05-18-admin-pscr19,NA,NA,2022-05-18-admin-pscr19,2022-05-18-admin-pscr19,NA,NA,NA,NA,NA,NA,NA,NA,NA,"Too small to inject, volume could not be syringed"
NA,2022-05-18,Admin Pond,NA,NA,22:08:00,12.8,Emergent Vegetation (Lower than 1m),12.8,Pseudacris crucifer,Adult,Male,2022-05-18-admin-pscr20,NA,NA,2022-05-18-admin-pscr20,2022-05-18-admin-pscr20,NA,NA,NA,NA,NA,NA,NA,NA,NA,NA
NA,2022-05-18,Admin Pond,NA,NA,09:03:00,NA,Water,14,Rana clamitans,Adult,Female,2022-05-18 admin racl #21,NA,NA,2022-05-18 admin racl #21,NA,NA,NA,NA,NA,NA,NA,NA,NA,NA,NA
NA,2022-05-18,Admin Pond,NA,NA,09:21:00,NA,Water,13.5,Rana clamitans,Adult,Female,2022-05-18 admin racl #22,NA,NA,2022-05-18 admin racl #22,NA,NA,NA,NA,NA,NA,NA,NA,NA,NA,NA
NA,2022-05-18,Admin Pond,NA,NA,21:52:00,NA,Water,13.5,Rana clamitans,Adult,Male,2022-05-18 admin racl #23,NA,NA,2022-05-18 admin racl #23,NA,NA,NA,NA,NA,NA,NA,NA,NA,NA,NA
NA,2022-05-18,Admin Pond,NA,NA,21:27:00,NA,Wet ground,13.2,Bufo americanus,Adult,Unknown,2022-05-18 admin Guam #24,NA,NA,2022-05-18 admin Guam #24,NA,NA,NA,NA,NA,NA,NA,NA,NA,NA,NA
