"","fulcrum_id","created_at","fulcrum_parent_id","species_ves","species_ves_other","count_ves","comments_ves"
"1","c1d89746-e16f-4af6-92a3-39dfeadecc13","2022-05-27 01:04:38 UTC","b45745d8-50c3-4b19-86f9-6dcdbf09c933","Rana clamitans",NA,1,NA
"2","c6a5bee8-cd33-4726-8ad6-f12b8743f024","2022-05-27 01:09:57 UTC","b45745d8-50c3-4b19-86f9-6dcdbf09c933","Rana clamitans",NA,1,NA
"3","41223a0b-d535-4e28-9296-013a8800c1c9","2022-05-27 00:58:48 UTC","ab650c75-134c-4da1-8c84-3a0546637835","Rana catesbeiana",NA,1,NA
"4","d7d637ce-ef2a-4c12-bd68-fb61cb1aaa58","2022-05-27 00:59:40 UTC","ab650c75-134c-4da1-8c84-3a0546637835","Rana clamitans",NA,1,NA
"5","e620a53d-34b9-49bd-9e3a-d5c8bf805951","2022-05-27 01:02:12 UTC","ab650c75-134c-4da1-8c84-3a0546637835","Rana clamitans",NA,1,NA
"6","feb073e2-da3a-4bcb-8300-a5221c08eaa7","2022-05-27 01:05:31 UTC","ab650c75-134c-4da1-8c84-3a0546637835","Rana catesbeiana",NA,2,NA
"7","119e4a07-dce8-4d7d-b7e8-44f43288ff9e","2022-05-27 01:06:20 UTC","ab650c75-134c-4da1-8c84-3a0546637835","Rana clamitans",NA,1,NA
"8","1aaead8e-02f6-4f62-9dba-4600ac7419ca","2022-05-27 01:07:55 UTC","ab650c75-134c-4da1-8c84-3a0546637835","Rana catesbeiana",NA,1,NA
"9","245057f1-885e-4e40-8aff-944738d90808","2022-05-27 01:10:01 UTC","ab650c75-134c-4da1-8c84-3a0546637835","Rana catesbeiana",NA,1,NA
"10","e1e8274f-cfa1-4e1c-a7a7-44d9f77f003d","2022-05-27 01:11:23 UTC","ab650c75-134c-4da1-8c84-3a0546637835","Rana clamitans",NA,1,NA
"11","dfb0735d-20ba-4524-a80d-c3b601ca9332","2022-05-27 01:15:22 UTC","ab650c75-134c-4da1-8c84-3a0546637835","Rana clamitans",NA,1,NA
"12","cfdc24b1-c548-4419-8a0c-75061e0f3b14","2022-05-27 01:16:28 UTC","ab650c75-134c-4da1-8c84-3a0546637835","Rana catesbeiana",NA,1,NA
"13","a8c1dfca-9b2e-4e83-80bd-fd42543dab4b","2022-05-27 01:01:18 UTC","42d6e420-a94d-40fc-bd29-9f71a78c5314","Rana catesbeiana",NA,1,NA
"14","e907b919-ac32-4437-8036-a338dc68d39f","2022-05-27 01:01:44 UTC","42d6e420-a94d-40fc-bd29-9f71a78c5314","Rana clamitans",NA,1,NA
"15","85760f32-1af9-4d3a-b7c7-d7a3688e23a0","2022-05-27 01:04:56 UTC","42d6e420-a94d-40fc-bd29-9f71a78c5314","Rana clamitans",NA,1,NA
"16","28b40476-bd0f-4616-8515-ff5c9b60295c","2022-05-27 01:05:46 UTC","42d6e420-a94d-40fc-bd29-9f71a78c5314","Rana clamitans",NA,1,NA
"17","21be48de-97fa-4966-b516-d8df2e6a41e6","2022-05-27 01:06:46 UTC","42d6e420-a94d-40fc-bd29-9f71a78c5314","Rana clamitans",NA,1,NA
"18","026536f8-24c1-4d43-acef-f7552f56af79","2022-05-27 01:09:21 UTC","42d6e420-a94d-40fc-bd29-9f71a78c5314","Rana clamitans",NA,1,NA
"19","dedd65d4-bb00-4728-972f-34045078144b","2022-05-27 01:10:53 UTC","42d6e420-a94d-40fc-bd29-9f71a78c5314","Rana clamitans",NA,1,NA
"20","e96a3495-b5ba-48e1-b46b-56f2d821ad2a","2022-05-27 01:11:23 UTC","42d6e420-a94d-40fc-bd29-9f71a78c5314","Rana catesbeiana",NA,1,NA
"21","9c02022a-ef54-4075-88d0-64770a73cd0f","2022-05-27 01:12:09 UTC","42d6e420-a94d-40fc-bd29-9f71a78c5314","Rana clamitans",NA,1,NA
"22","6cd839f8-b025-4387-84d7-b4ccac584671","2022-05-27 01:13:03 UTC","42d6e420-a94d-40fc-bd29-9f71a78c5314","Rana clamitans",NA,1,NA
"23","4262d851-11dc-485a-8e5f-6b33274a1759","2022-05-27 01:14:15 UTC","42d6e420-a94d-40fc-bd29-9f71a78c5314","Rana clamitans",NA,1,NA
"24","53aa9aac-d672-4176-9baf-fa3e06111565","2022-05-27 01:16:18 UTC","42d6e420-a94d-40fc-bd29-9f71a78c5314","Rana catesbeiana",NA,1,NA
"25","f8fc769d-0639-4a5f-8004-382c10105f65","2022-05-28 00:44:07 UTC","7720af50-573c-4fb3-bbaf-8179c2f780fc","Rana catesbeiana",NA,1,NA
"26","14913d22-3367-4710-9fa5-b5fbdc846029","2022-05-28 00:44:43 UTC","7720af50-573c-4fb3-bbaf-8179c2f780fc","Rana catesbeiana",NA,1,NA
"27","8cbafd5f-65f1-4304-965f-6f6e4f1d6ebd","2022-05-28 00:46:14 UTC","7720af50-573c-4fb3-bbaf-8179c2f780fc","Rana catesbeiana",NA,1,NA
"28","c931da65-49d0-4b04-8e10-e9d3014be6d0","2022-05-28 00:52:53 UTC","7720af50-573c-4fb3-bbaf-8179c2f780fc","Rana clamitans",NA,1,NA
"29","c3c0f11e-72aa-4596-ac4e-066de1c14d4b","2022-05-28 00:55:22 UTC","7720af50-573c-4fb3-bbaf-8179c2f780fc","Rana catesbeiana",NA,1,NA
"30","903881d7-0ccf-4e4c-9f19-ecad98c2265c","2022-05-28 00:44:35 UTC","b7141f5d-e059-4309-88ee-4b598ce67720","Rana clamitans",NA,1,NA
"31","6517faef-bd67-4313-9a65-0de2f96a96dc","2022-05-28 00:49:09 UTC","b7141f5d-e059-4309-88ee-4b598ce67720","Rana catesbeiana",NA,1,NA
"32","20b85e1a-257d-4c2f-bd8b-92c49fddacdd","2022-05-28 00:49:18 UTC","b7141f5d-e059-4309-88ee-4b598ce67720","Rana catesbeiana",NA,1,NA
"33","c0d92874-59e5-48b2-bad6-24da641826cc","2022-05-28 00:53:49 UTC","b7141f5d-e059-4309-88ee-4b598ce67720","Rana catesbeiana",NA,1,NA
"34","c1d89746-e16f-4af6-92a3-39dfeadecc13","2022-05-27 01:04:38 UTC","b45745d8-50c3-4b19-86f9-6dcdbf09c933","Rana clamitans",NA,1,NA
"35","c6a5bee8-cd33-4726-8ad6-f12b8743f024","2022-05-27 01:09:57 UTC","b45745d8-50c3-4b19-86f9-6dcdbf09c933","Rana clamitans",NA,1,NA
"36","6366c77c-73f1-4752-b228-b3a136565444","2022-06-04 01:08:44 UTC","c63b0e57-801f-4967-a001-22f449e7bb95","Rana catesbeiana",NA,1,NA
"37","c7e33458-67eb-4d90-8100-dbbd1b51c40e","2022-06-04 01:09:54 UTC","c63b0e57-801f-4967-a001-22f449e7bb95","Rana catesbeiana",NA,1,NA
"38","13a76366-6895-4eca-a4b3-6226ef54bdfb","2022-06-04 01:10:38 UTC","c63b0e57-801f-4967-a001-22f449e7bb95","Rana catesbeiana",NA,5,NA
"39","e5061d1f-2a2a-41b0-80b7-1bad6998ab39","2022-06-04 01:14:07 UTC","c63b0e57-801f-4967-a001-22f449e7bb95","Rana clamitans",NA,1,NA
"40","44e1e9cc-d226-4565-bb5c-e0994ea7679b","2022-06-04 01:17:39 UTC","c63b0e57-801f-4967-a001-22f449e7bb95","Rana clamitans",NA,1,NA
"41","77b98668-6581-43ef-bcf8-781d1de8af4d","2022-06-04 01:21:38 UTC","c63b0e57-801f-4967-a001-22f449e7bb95","Rana catesbeiana",NA,1,NA
"42","f633628c-ee63-4ebd-a957-27ac4535d9de","2022-06-04 01:22:41 UTC","c63b0e57-801f-4967-a001-22f449e7bb95","Rana catesbeiana",NA,1,NA
"43","d26a03de-e998-4002-b0aa-965c1e6dd545","2022-06-04 01:12:43 UTC","1004c317-9c0b-42f0-b25a-10fedccf40dd","Rana catesbeiana",NA,1,NA
"44","647d9b81-eb73-49c3-9740-161c3fb9d63c","2022-06-04 01:25:26 UTC","563a3f65-d811-4a26-91c3-a1cc7dbe6cf1","Rana catesbeiana",NA,1,NA
"45","5da6fc35-f084-43b4-a9ef-65a5dabd2ad7","2022-06-04 01:26:05 UTC","563a3f65-d811-4a26-91c3-a1cc7dbe6cf1","Rana clamitans",NA,1,NA
"46","0a33636a-712e-4f68-b504-28d43402ff98","2022-06-15 01:20:36 UTC","4a93929d-c650-4c82-a8e2-87f10f5a4c90","Rana clamitans",NA,1,NA
"47","c9c201ed-c335-44ca-8f91-02663983ae07","2022-06-15 01:22:59 UTC","4a93929d-c650-4c82-a8e2-87f10f5a4c90","Rana catesbeiana",NA,1,NA
"48","2398bcea-cb53-4ae3-8bb5-6d74e03c3f4e","2022-06-15 01:23:54 UTC","4a93929d-c650-4c82-a8e2-87f10f5a4c90","Rana clamitans",NA,1,NA
"49","80b97bdb-a8fa-4c05-a4b5-3c28c24aa063","2022-06-15 01:26:57 UTC","4a93929d-c650-4c82-a8e2-87f10f5a4c90","Rana clamitans",NA,1,NA
"50","a958162e-be93-4c83-a35b-9c0877edfe6e","2022-06-15 01:28:31 UTC","4a93929d-c650-4c82-a8e2-87f10f5a4c90","Rana catesbeiana",NA,1,NA
"51","79ca0058-8469-464b-89e8-7c9448f5cbaf","2022-06-15 01:30:13 UTC","4a93929d-c650-4c82-a8e2-87f10f5a4c90","Rana pipiens",NA,1,NA
"52","8cb5ff2f-b524-47cd-be5f-971b0119c86c","2022-06-15 01:31:30 UTC","4a93929d-c650-4c82-a8e2-87f10f5a4c90","Rana catesbeiana",NA,1,NA
"53","e5b1be5a-cdf8-4340-b9fe-a96d27d3e3b6","2022-06-15 01:33:10 UTC","4a93929d-c650-4c82-a8e2-87f10f5a4c90","Rana clamitans",NA,1,NA
"54","2472c7be-cb9b-4039-b0dc-9f91ae181f84","2022-06-15 01:34:01 UTC","4a93929d-c650-4c82-a8e2-87f10f5a4c90","Rana clamitans",NA,1,NA
"55","e7c6f011-62b2-4cf5-abf6-c00c5f4a9a5d","2022-06-15 01:35:16 UTC","4a93929d-c650-4c82-a8e2-87f10f5a4c90","Rana clamitans",NA,1,NA
"56","27a8a2c7-192b-4582-b156-469c8bc1feab","2022-06-15 01:36:18 UTC","4a93929d-c650-4c82-a8e2-87f10f5a4c90","Rana clamitans",NA,1,NA
"57","647d9b81-eb73-49c3-9740-161c3fb9d63c","2022-06-04 01:25:26 UTC","563a3f65-d811-4a26-91c3-a1cc7dbe6cf1","Rana catesbeiana",NA,1,NA
"58","5da6fc35-f084-43b4-a9ef-65a5dabd2ad7","2022-06-04 01:26:05 UTC","563a3f65-d811-4a26-91c3-a1cc7dbe6cf1","Rana clamitans",NA,1,NA
"59","74b4e1ce-946b-47c7-8d4d-934f51544ad9","2022-06-15 01:22:16 UTC","9789a72f-46e6-473a-819f-689ed0671987","Rana catesbeiana",NA,1,NA
"60","be1ac1fd-9f0f-418a-8bd9-5dd37ce1785a","2022-06-15 01:26:18 UTC","9789a72f-46e6-473a-819f-689ed0671987","Rana clamitans",NA,1,NA
"61","d2612b44-9992-4ee9-be97-a715d11bd0e5","2022-06-15 01:29:18 UTC","9789a72f-46e6-473a-819f-689ed0671987","Rana catesbeiana",NA,1,NA
"62","df8e9d6d-be83-4dfa-941e-db81703adee1","2022-06-15 01:30:03 UTC","9789a72f-46e6-473a-819f-689ed0671987","Rana pipiens",NA,1,NA
"63","2e6e0538-5183-4a02-9bea-97ecadae94eb","2022-06-15 01:33:32 UTC","9789a72f-46e6-473a-819f-689ed0671987","Rana pipiens",NA,1,NA
"64","74cbefe6-8d27-4abb-bba4-26348a8669a9","2022-06-15 01:36:01 UTC","9789a72f-46e6-473a-819f-689ed0671987","Rana clamitans",NA,1,NA
"65","0e7be2a8-e493-438a-b55c-5aa7a61b0ff6","2022-06-15 01:40:20 UTC","9789a72f-46e6-473a-819f-689ed0671987","Rana catesbeiana",NA,4,NA
"66","e09be2a7-fc4b-49f8-b956-5238a578c8e7","2022-06-15 01:40:30 UTC","9789a72f-46e6-473a-819f-689ed0671987","Rana clamitans",NA,3,NA
"67","2c796487-7abd-48a3-a188-241f7617ac66","2022-06-16 01:34:12 UTC","3872d47e-5ec8-41a4-b319-73fd789634ea","Rana catesbeiana",NA,1,NA
"68","fbf5b311-0a92-4f6b-9889-55eb97c8e330","2022-06-16 01:34:44 UTC","3872d47e-5ec8-41a4-b319-73fd789634ea","Rana clamitans",NA,1,NA
"69","7d053d29-92e2-4d0d-bc83-0553584244b1","2022-06-16 01:35:17 UTC","3872d47e-5ec8-41a4-b319-73fd789634ea","Rana clamitans",NA,1,NA
"70","94c1dd02-6cb9-4652-89a1-124dac9a0126","2022-06-16 01:35:59 UTC","3872d47e-5ec8-41a4-b319-73fd789634ea","Rana catesbeiana",NA,1,NA
"71","b0f0ac41-3de0-4769-909c-365bafbd9196","2022-06-16 01:37:01 UTC","3872d47e-5ec8-41a4-b319-73fd789634ea","Rana clamitans",NA,1,NA
"72","957b7db0-d2e6-4e7d-a487-d88d25d1ad6b","2022-06-16 01:38:07 UTC","3872d47e-5ec8-41a4-b319-73fd789634ea","Rana catesbeiana",NA,1,NA
"73","cb41d710-c1bb-4111-b762-077b7616baeb","2022-06-16 01:39:09 UTC","3872d47e-5ec8-41a4-b319-73fd789634ea","Rana clamitans",NA,1,NA
"74","7dae00ed-1546-41fa-902f-a0008013268e","2022-06-16 01:40:16 UTC","3872d47e-5ec8-41a4-b319-73fd789634ea","Rana clamitans",NA,1,NA
"75","1660a836-99cd-4ef7-9ab5-08666340b483","2022-06-16 01:42:21 UTC","3872d47e-5ec8-41a4-b319-73fd789634ea","Rana catesbeiana",NA,1,NA
"76","0241f7b6-c2a9-4b04-925c-0c91f534494e","2022-06-16 01:43:09 UTC","3872d47e-5ec8-41a4-b319-73fd789634ea","Rana clamitans",NA,1,NA
"77","aa5077fe-495a-495e-9fa0-a9255ec71ab1","2022-06-16 01:43:49 UTC","3872d47e-5ec8-41a4-b319-73fd789634ea","Rana catesbeiana",NA,1,NA
"78","895dbb50-ff69-446a-aca3-bc97ed29af86","2022-06-16 01:45:03 UTC","3872d47e-5ec8-41a4-b319-73fd789634ea","Rana clamitans",NA,2,NA
"79","f39a8e3a-9e43-4859-9b59-c2aab7bd67f1","2022-06-16 01:47:02 UTC","3872d47e-5ec8-41a4-b319-73fd789634ea","Rana catesbeiana",NA,1,NA
"80","c56bbd1c-1126-4027-8c1a-89e500534af0","2022-06-16 01:47:19 UTC","3872d47e-5ec8-41a4-b319-73fd789634ea","Rana clamitans",NA,1,NA
"81","12774f73-a6fc-4a12-b9ce-06e3bb90c63d","2022-06-16 01:48:05 UTC","3872d47e-5ec8-41a4-b319-73fd789634ea","Rana catesbeiana",NA,1,NA
"82","93ede874-c07a-4dac-b60d-f1f7c3392c8a","2022-06-16 01:49:01 UTC","3872d47e-5ec8-41a4-b319-73fd789634ea","Rana clamitans",NA,1,NA
"83","991c5242-ca4f-4294-a3f1-f79082e8d9a0","2022-06-16 01:49:48 UTC","3872d47e-5ec8-41a4-b319-73fd789634ea","Rana clamitans",NA,1,NA
"84","9990bcbf-f6d3-450c-8454-37f219a48e6c","2022-06-16 01:50:17 UTC","3872d47e-5ec8-41a4-b319-73fd789634ea","Rana clamitans",NA,1,NA
"85","28dc3350-bce1-4df7-a278-e2d1ae9c821f","2022-06-16 01:51:02 UTC","3872d47e-5ec8-41a4-b319-73fd789634ea","Rana clamitans",NA,1,NA
"86","ac2d1aab-c9fa-4087-8c50-293d5915d4f0","2022-06-16 01:51:36 UTC","3872d47e-5ec8-41a4-b319-73fd789634ea","Rana catesbeiana",NA,1,NA
"87","985b46fb-e223-4128-9884-881058b93228","2022-06-16 01:52:53 UTC","3872d47e-5ec8-41a4-b319-73fd789634ea","Rana clamitans",NA,3,NA
"88","e2086a81-af73-4462-87a0-fbe5b87c3576","2022-06-28 02:15:15 UTC","1636d7c9-e2ec-4e70-82f6-a2ccf8888a12","Rana catesbeiana",NA,1,NA
"89","0c339f12-1c29-425c-bb1a-cdd17354eb6c","2022-06-28 02:17:38 UTC","1636d7c9-e2ec-4e70-82f6-a2ccf8888a12","Rana clamitans",NA,2,NA
"90","d020069e-876a-4e19-a6ec-f12c567b28bf","2022-06-28 02:20:32 UTC","1636d7c9-e2ec-4e70-82f6-a2ccf8888a12","Rana catesbeiana",NA,1,NA
"91","7f2b4023-b727-4421-af15-5c427dcdb340","2022-06-28 02:23:02 UTC","1636d7c9-e2ec-4e70-82f6-a2ccf8888a12","Rana catesbeiana",NA,1,NA
"92","7bef46e7-7803-45e4-82af-e07ef2e116bc","2022-06-28 02:24:07 UTC","1636d7c9-e2ec-4e70-82f6-a2ccf8888a12","Rana clamitans",NA,1,NA
"93","7c6ef68b-ab7b-40da-b75e-7f620c4af6da","2022-06-28 02:25:14 UTC","1636d7c9-e2ec-4e70-82f6-a2ccf8888a12","Rana catesbeiana",NA,1,NA
"94","df68d5b2-2328-450b-9015-3746d916ccf8","2022-06-28 02:26:30 UTC","1636d7c9-e2ec-4e70-82f6-a2ccf8888a12","Rana clamitans",NA,1,NA
"95","f7236bb0-8c86-4a1e-97d6-e6303692811b","2022-06-28 02:31:05 UTC","1636d7c9-e2ec-4e70-82f6-a2ccf8888a12","Rana catesbeiana",NA,1,NA
"96","52380685-cf2e-4acc-9c4c-2d8aee0c043e","2022-06-28 02:32:15 UTC","1636d7c9-e2ec-4e70-82f6-a2ccf8888a12","Rana clamitans",NA,1,NA
"97","06496c08-2813-4ab5-9219-80ae06a3212f","2022-06-28 02:33:04 UTC","1636d7c9-e2ec-4e70-82f6-a2ccf8888a12","Rana catesbeiana",NA,2,NA
"98","f2bf457d-4719-4390-98dd-eb84bae9eb95","2022-06-28 02:33:42 UTC","1636d7c9-e2ec-4e70-82f6-a2ccf8888a12","Rana catesbeiana",NA,1,NA
"99","2686e34d-725f-40b4-bac2-ee75bbeb74d1","2022-06-28 02:15:53 UTC","07d553cd-e1e4-47d7-ab61-e8d9bd61c5ff","Rana clamitans",NA,2,NA
"100","9468a5f2-926f-45c7-b31a-a970bddd37fb","2022-06-28 02:16:41 UTC","07d553cd-e1e4-47d7-ab61-e8d9bd61c5ff","Rana catesbeiana",NA,1,NA
"101","4c1ea6b1-1b70-434e-88dc-610ccf3e4e90","2022-06-28 02:17:13 UTC","07d553cd-e1e4-47d7-ab61-e8d9bd61c5ff","Rana clamitans",NA,1,NA
"102","894662de-7287-42e0-90e3-c1b75dbe32c7","2022-06-28 02:18:34 UTC","07d553cd-e1e4-47d7-ab61-e8d9bd61c5ff","Rana clamitans",NA,1,NA
"103","c47a397a-a991-4faf-b473-8110577b60c4","2022-06-28 02:19:16 UTC","07d553cd-e1e4-47d7-ab61-e8d9bd61c5ff","Rana catesbeiana",NA,1,NA
"104","4d06ab1b-6c88-4ce5-bceb-a8f25ffdd681","2022-06-28 02:23:12 UTC","07d553cd-e1e4-47d7-ab61-e8d9bd61c5ff","Rana clamitans",NA,1,NA
"105","008cb850-ecd9-4b00-a8c7-92ee509d30ca","2022-06-28 02:24:09 UTC","07d553cd-e1e4-47d7-ab61-e8d9bd61c5ff","Rana catesbeiana",NA,1,NA
"106","1cf4aab4-a33b-423e-9223-a74045de9c53","2022-06-28 02:24:47 UTC","07d553cd-e1e4-47d7-ab61-e8d9bd61c5ff","Rana catesbeiana",NA,1,NA
"107","ea2e7bfe-36dd-4697-bd11-d3c4a6ccc61c","2022-06-28 02:25:16 UTC","07d553cd-e1e4-47d7-ab61-e8d9bd61c5ff","Rana clamitans",NA,2,NA
"108","d92cea4b-14c1-445d-a2b6-83df939a8606","2022-06-28 02:26:27 UTC","07d553cd-e1e4-47d7-ab61-e8d9bd61c5ff","Rana clamitans",NA,2,NA
"109","c9a26cd1-94b7-46bd-bf8e-e6382404fe83","2022-06-28 02:28:53 UTC","07d553cd-e1e4-47d7-ab61-e8d9bd61c5ff","Rana catesbeiana",NA,1,NA
"110","4c595c4c-ee82-4d15-acca-75588a388c81","2022-06-28 02:30:26 UTC","07d553cd-e1e4-47d7-ab61-e8d9bd61c5ff","Rana catesbeiana",NA,1,NA
"111","428dbbfc-9124-4dfe-bd4b-2e4db0a35c2c","2022-06-28 02:31:33 UTC","07d553cd-e1e4-47d7-ab61-e8d9bd61c5ff","Rana clamitans",NA,1,NA
"112","ffec4f00-a9df-4357-a1cb-81a29ca43470","2022-06-28 02:34:08 UTC","07d553cd-e1e4-47d7-ab61-e8d9bd61c5ff","Rana catesbeiana",NA,1,NA
"113","58d2e0b7-787c-4dd6-a168-1d9268b37d9d","2022-06-28 02:15:48 UTC","8754e655-4726-4e66-9c9d-bc82d8b2d25b","Rana clamitans",NA,1,"Unsure of the accuracy of this survey"
"114","ef1fc8a5-720a-49e7-b7e2-0a97c40f4cab","2022-06-28 02:17:16 UTC","8754e655-4726-4e66-9c9d-bc82d8b2d25b","Rana clamitans",NA,2,NA
"115","85888ee6-462c-450a-94ce-14cd0502f9a7","2022-06-28 02:20:20 UTC","8754e655-4726-4e66-9c9d-bc82d8b2d25b","Rana clamitans",NA,2,NA
"116","36ee7408-bc13-4a83-8f92-851bc73d16ae","2022-06-28 02:22:27 UTC","8754e655-4726-4e66-9c9d-bc82d8b2d25b","Rana clamitans",NA,1,NA
"117","55efb2b9-430b-4659-ae16-9cefd45f9e03","2022-06-28 02:23:08 UTC","8754e655-4726-4e66-9c9d-bc82d8b2d25b","Rana clamitans",NA,1,NA
"118","17f88a23-1dcb-4fc2-9af6-9c8765d3162c","2022-06-28 02:26:59 UTC","8754e655-4726-4e66-9c9d-bc82d8b2d25b","Rana clamitans",NA,2,NA
"119","44084a21-7bfa-4f68-99ca-e52ca3324d7a","2022-06-28 02:30:59 UTC","8754e655-4726-4e66-9c9d-bc82d8b2d25b","Rana clamitans",NA,1,NA
"120","467f0e3d-ff3c-4c65-be51-b4f887cab736","2022-06-28 02:32:34 UTC","8754e655-4726-4e66-9c9d-bc82d8b2d25b","Rana catesbeiana",NA,1,NA
"121","b00ad443-a291-4c7e-b0f8-d5b5bc6db653","2022-06-28 02:33:24 UTC","8754e655-4726-4e66-9c9d-bc82d8b2d25b","Rana catesbeiana",NA,1,NA
"122","ce99ca5f-5937-434a-bc60-c02ddbd5d6b4","2022-07-12 01:41:01 UTC","f786309e-6285-4653-9f0d-76060d716963","Rana catesbeiana",NA,1,NA
"123","f0f70d50-877b-4ef1-9ee7-156d3434b846","2022-07-12 01:42:02 UTC","f786309e-6285-4653-9f0d-76060d716963","Rana catesbeiana",NA,1,NA
"124","5aa58a3d-0f64-4e7d-b298-0ef392a86468","2022-07-12 01:42:25 UTC","f786309e-6285-4653-9f0d-76060d716963","Rana clamitans",NA,1,NA
"125","fc793ee5-c1f3-420a-91b3-d634a9a737c7","2022-07-12 01:44:17 UTC","f786309e-6285-4653-9f0d-76060d716963","Rana catesbeiana",NA,4,NA
"126","570407fa-1f96-4fce-9211-2fd71543028a","2022-07-12 01:44:32 UTC","f786309e-6285-4653-9f0d-76060d716963","Rana clamitans",NA,1,NA
"127","46ed69fd-5409-4f62-925d-28f808274a63","2022-07-12 01:46:19 UTC","f786309e-6285-4653-9f0d-76060d716963","Rana clamitans",NA,2,NA
"128","2761e26d-809c-457a-ac27-95cfc320b0d8","2022-07-12 01:46:43 UTC","f786309e-6285-4653-9f0d-76060d716963","Rana catesbeiana",NA,1,NA
"129","f4e3c6a6-aa13-40a4-bb71-82f78a8417e0","2022-07-12 01:48:24 UTC","f786309e-6285-4653-9f0d-76060d716963","Rana catesbeiana",NA,2,NA
"130","4766a378-8e12-4569-8b55-dda5b38c6ae3","2022-07-12 01:48:33 UTC","f786309e-6285-4653-9f0d-76060d716963","Rana clamitans",NA,1,NA
"131","fb12c4bc-26eb-423f-af6c-0c20f0e43c23","2022-07-12 01:50:11 UTC","f786309e-6285-4653-9f0d-76060d716963","Rana catesbeiana",NA,2,NA
"132","1875fb6e-0011-4142-a33c-5b1b467508a8","2022-07-12 01:50:20 UTC","f786309e-6285-4653-9f0d-76060d716963","Rana clamitans",NA,1,NA
"133","d15b70b4-7ae5-41ee-8982-57b00e1c37bf","2022-07-12 01:51:24 UTC","f786309e-6285-4653-9f0d-76060d716963","Rana catesbeiana",NA,3,NA
"134","597dc89c-52ca-4cc7-a6bf-5000c3f1e37c","2022-07-12 01:51:39 UTC","f786309e-6285-4653-9f0d-76060d716963","Rana clamitans",NA,2,NA
"135","6ded4c84-47e4-4541-983e-92560fc30634","2022-07-12 01:52:24 UTC","f786309e-6285-4653-9f0d-76060d716963","Rana clamitans",NA,1,NA
"136","e4414269-3f9d-45d1-a905-1c07fce2775d","2022-07-12 01:55:46 UTC","f786309e-6285-4653-9f0d-76060d716963","Rana clamitans",NA,1,NA
"137","7b67bad9-b44f-4b69-81fd-780e70ea98ab","2022-07-12 01:57:06 UTC","f786309e-6285-4653-9f0d-76060d716963","Rana clamitans",NA,3,NA
"138","f3eb5f21-6c21-4c73-893b-a1bd770f1774","2022-07-12 01:57:15 UTC","f786309e-6285-4653-9f0d-76060d716963","Rana catesbeiana",NA,2,NA
"139","e64223a1-b86f-4e02-8b0a-b1c428d14ea1","2022-07-12 01:58:38 UTC","f786309e-6285-4653-9f0d-76060d716963","Rana clamitans",NA,4,NA
"140","fc9f010e-91cb-4dee-bc17-3f47091c73ec","2022-07-12 02:00:43 UTC","f786309e-6285-4653-9f0d-76060d716963","Rana clamitans",NA,5,NA
"141","dd70ae3b-23d7-46a0-9458-28a13c092d2d","2022-07-12 02:00:53 UTC","f786309e-6285-4653-9f0d-76060d716963","Rana catesbeiana",NA,1,NA
"142","403847c7-27fe-4e2b-b6a4-b7dceddd65f1","2022-07-12 02:01:43 UTC","f786309e-6285-4653-9f0d-76060d716963","Rana clamitans",NA,2,NA
"143","2f892afc-4974-497e-8bdb-8e93e418db7b","2022-07-12 02:01:51 UTC","f786309e-6285-4653-9f0d-76060d716963","Rana catesbeiana",NA,1,NA
"144","042288ba-c74e-4581-b53e-684925e87c19","2022-07-12 01:40:53 UTC","0600fea9-7be7-4ef3-afb6-1ab6f55eea8b","Rana clamitans",NA,2,NA
"145","80e53de5-463a-4196-b240-dfee7e6ad355","2022-07-12 01:41:16 UTC","0600fea9-7be7-4ef3-afb6-1ab6f55eea8b","Rana catesbeiana",NA,1,NA
"146","098f8787-0c82-4447-b08e-a6591ec60eab","2022-07-12 01:41:57 UTC","0600fea9-7be7-4ef3-afb6-1ab6f55eea8b","Rana catesbeiana",NA,1,NA
"147","ffff1aa7-5e69-41e0-b6ad-8ec172939ae9","2022-07-12 01:42:18 UTC","0600fea9-7be7-4ef3-afb6-1ab6f55eea8b","Rana clamitans",NA,1,NA
"148","8df020ed-494d-4aa6-a9cf-005fc8cebe7c","2022-07-12 01:42:45 UTC","0600fea9-7be7-4ef3-afb6-1ab6f55eea8b","Rana catesbeiana",NA,2,NA
"149","62e8b0f7-91e0-4992-b26a-133ba2372295","2022-07-12 01:43:53 UTC","0600fea9-7be7-4ef3-afb6-1ab6f55eea8b","Rana catesbeiana",NA,5,NA
"150","c44b5d22-4652-4076-b49a-96ac855f4c7c","2022-07-12 01:44:09 UTC","0600fea9-7be7-4ef3-afb6-1ab6f55eea8b","Rana clamitans",NA,1,NA
"151","16c54bd0-4502-4cba-b70a-9da35c9fa2fc","2022-07-12 01:44:37 UTC","0600fea9-7be7-4ef3-afb6-1ab6f55eea8b","Rana catesbeiana",NA,3,NA
"152","1842721a-80e3-4f87-813b-de891deb28b8","2022-07-12 01:46:49 UTC","0600fea9-7be7-4ef3-afb6-1ab6f55eea8b","Rana catesbeiana",NA,3,NA
"153","638f3114-9659-4bb7-bff3-47c342e33c85","2022-07-12 01:47:44 UTC","0600fea9-7be7-4ef3-afb6-1ab6f55eea8b","Rana catesbeiana",NA,4,NA
"154","dd615e37-2180-4985-83e2-508deb46d370","2022-07-12 01:47:50 UTC","0600fea9-7be7-4ef3-afb6-1ab6f55eea8b","Rana clamitans",NA,2,NA
"155","b78dae8a-1f41-43f6-8254-ecf667a41a88","2022-07-12 01:48:16 UTC","0600fea9-7be7-4ef3-afb6-1ab6f55eea8b","Rana clamitans",NA,1,NA
"156","7273913b-56d3-49ca-bbd5-3b1c5954959e","2022-07-12 01:48:39 UTC","0600fea9-7be7-4ef3-afb6-1ab6f55eea8b","Rana catesbeiana",NA,3,NA
"157","206958fa-0197-4e40-a318-7558d900b35a","2022-07-12 01:49:22 UTC","0600fea9-7be7-4ef3-afb6-1ab6f55eea8b","Rana catesbeiana",NA,2,NA
"158","253f333d-1231-4f94-ad85-eebcf90546fa","2022-07-12 01:50:14 UTC","0600fea9-7be7-4ef3-afb6-1ab6f55eea8b","Rana clamitans",NA,1,NA
"159","c6cc333b-0289-4377-8cba-de5526e6c79c","2022-07-12 01:50:21 UTC","0600fea9-7be7-4ef3-afb6-1ab6f55eea8b","Rana catesbeiana",NA,1,NA
"160","4da45fbd-6126-4ee6-944f-1e8a95183a1f","2022-07-12 01:51:05 UTC","0600fea9-7be7-4ef3-afb6-1ab6f55eea8b","Rana catesbeiana",NA,3,NA
"161","cc77bb29-1c39-41d6-a87c-7fb1cb7e47a7","2022-07-12 01:51:18 UTC","0600fea9-7be7-4ef3-afb6-1ab6f55eea8b","Rana catesbeiana",NA,1,NA
"162","09aec046-6646-43af-a3e9-de04a5f52cd5","2022-07-12 01:51:59 UTC","0600fea9-7be7-4ef3-afb6-1ab6f55eea8b","Rana catesbeiana",NA,1,NA
"163","906b9352-679c-4edb-bfd5-832880af8843","2022-07-12 01:52:19 UTC","0600fea9-7be7-4ef3-afb6-1ab6f55eea8b","Rana catesbeiana",NA,2,NA
"164","37ad1cdf-ee83-4f9d-96c0-020aa1d39814","2022-07-12 01:52:59 UTC","0600fea9-7be7-4ef3-afb6-1ab6f55eea8b","Rana catesbeiana",NA,2,NA
"165","ff377738-4d26-4de4-afc8-43b9b7e0b482","2022-07-12 01:54:23 UTC","0600fea9-7be7-4ef3-afb6-1ab6f55eea8b","Rana clamitans",NA,1,NA
"166","2be9cd05-1552-4bcd-ac61-8bffc095f3fc","2022-07-12 01:54:59 UTC","0600fea9-7be7-4ef3-afb6-1ab6f55eea8b","Rana clamitans",NA,1,NA
"167","9dccd64c-d8e1-4a2a-98ca-6545ddd29860","2022-07-12 01:55:11 UTC","0600fea9-7be7-4ef3-afb6-1ab6f55eea8b","Rana clamitans",NA,1,NA
"168","df2c730f-babc-4188-8f94-28fbde32dba2","2022-07-12 01:55:20 UTC","0600fea9-7be7-4ef3-afb6-1ab6f55eea8b","Rana clamitans",NA,1,NA
"169","2e1142b0-2288-4bb2-b76b-e5f66fc53480","2022-07-12 01:55:33 UTC","0600fea9-7be7-4ef3-afb6-1ab6f55eea8b","Rana clamitans",NA,2,NA
"170","2c3508de-b460-4d6b-a862-c7a8b2454777","2022-07-12 01:55:55 UTC","0600fea9-7be7-4ef3-afb6-1ab6f55eea8b","Rana catesbeiana",NA,1,NA
"171","92881bb9-49c4-495c-b7a5-74f868bec68f","2022-07-12 01:56:14 UTC","0600fea9-7be7-4ef3-afb6-1ab6f55eea8b","Rana clamitans",NA,1,NA
"172","6568d6df-d1bd-4b57-a97a-5e50211a9434","2022-07-12 01:56:20 UTC","0600fea9-7be7-4ef3-afb6-1ab6f55eea8b","Rana catesbeiana",NA,1,NA
"173","14fdae1a-673e-43e9-8223-84cba757a1c3","2022-07-12 01:56:54 UTC","0600fea9-7be7-4ef3-afb6-1ab6f55eea8b","Rana clamitans",NA,1,NA
"174","a69f15fa-7418-4944-924f-9b1cd98445ef","2022-07-12 01:57:08 UTC","0600fea9-7be7-4ef3-afb6-1ab6f55eea8b","Rana catesbeiana",NA,1,NA
"175","ad8655c9-f3eb-44ae-967b-6070217091eb","2022-07-12 01:57:26 UTC","0600fea9-7be7-4ef3-afb6-1ab6f55eea8b","Rana clamitans",NA,1,NA
"176","fa88e934-7417-4c6c-8bd9-298ef065d234","2022-07-12 01:57:48 UTC","0600fea9-7be7-4ef3-afb6-1ab6f55eea8b","Rana clamitans",NA,2,NA
"177","a4d0222b-5953-4f16-9f2e-4af79db00672","2022-07-12 01:57:56 UTC","0600fea9-7be7-4ef3-afb6-1ab6f55eea8b","Rana catesbeiana",NA,1,NA
"178","ce3811ed-6244-44c4-9df2-4ae79d102e66","2022-07-12 01:58:26 UTC","0600fea9-7be7-4ef3-afb6-1ab6f55eea8b","Rana clamitans",NA,2,NA
"179","27a40efa-0d22-4a32-84ca-14208f658077","2022-07-12 01:59:04 UTC","0600fea9-7be7-4ef3-afb6-1ab6f55eea8b","Rana clamitans",NA,1,NA
"180","f77708e1-792b-460f-8d07-e51b647ded35","2022-07-12 01:59:09 UTC","0600fea9-7be7-4ef3-afb6-1ab6f55eea8b","Rana catesbeiana",NA,1,NA
"181","144b5a63-316c-4d15-aaa4-fb324b49d65d","2022-07-12 01:59:23 UTC","0600fea9-7be7-4ef3-afb6-1ab6f55eea8b","Rana clamitans",NA,2,NA
"182","a52ecca9-139e-4e7e-8822-6a0f740dec5c","2022-07-12 02:00:01 UTC","0600fea9-7be7-4ef3-afb6-1ab6f55eea8b","Rana catesbeiana",NA,2,NA
"183","61787a20-ad71-4c1f-9ac3-874e90c521b9","2022-07-12 02:00:07 UTC","0600fea9-7be7-4ef3-afb6-1ab6f55eea8b","Rana clamitans",NA,1,NA
"184","8c80d4aa-1c39-4c1d-813f-034d5d2eab6d","2022-07-12 02:00:36 UTC","0600fea9-7be7-4ef3-afb6-1ab6f55eea8b","Rana catesbeiana",NA,3,NA
"185","9f4cc200-5398-4f7e-97c3-e23d052b5c88","2022-07-12 02:00:52 UTC","0600fea9-7be7-4ef3-afb6-1ab6f55eea8b","Rana clamitans",NA,1,NA
"186","6d59e5d8-d5a2-4403-bb0f-c5eb379c9dc2","2022-07-12 02:01:21 UTC","0600fea9-7be7-4ef3-afb6-1ab6f55eea8b","Rana clamitans",NA,1,NA
"187","2b3b1d5d-02fb-4f63-8291-e0238b6019a7","2022-07-12 02:01:43 UTC","0600fea9-7be7-4ef3-afb6-1ab6f55eea8b","Rana catesbeiana",NA,1,NA
"188","94a01fbe-36d0-4902-94a1-6f21a101dfc2","2022-07-12 01:41:05 UTC","9db6c92d-6bfe-46e8-8b40-b964eb231491","Rana clamitans",NA,3,"Easily over 200 frogs in total."
"189","b479275a-35e8-42d3-b714-d3120e2b6cdd","2022-07-12 01:42:40 UTC","9db6c92d-6bfe-46e8-8b40-b964eb231491","Rana clamitans",NA,7,NA
"190","43ee2c01-cbcf-4f7c-a235-267e55a40e30","2022-07-12 01:43:20 UTC","9db6c92d-6bfe-46e8-8b40-b964eb231491","Rana catesbeiana",NA,3,NA
"191","2e004d94-7847-4564-903f-5d306a9861de","2022-07-12 01:44:24 UTC","9db6c92d-6bfe-46e8-8b40-b964eb231491","Rana clamitans",NA,1,NA
"192","4ebf7284-1db4-4e20-9138-0685b6001f03","2022-07-12 01:45:07 UTC","9db6c92d-6bfe-46e8-8b40-b964eb231491","Rana catesbeiana",NA,1,NA
"193","e0a89409-b084-46e9-846d-36f0d06c370c","2022-07-12 01:45:44 UTC","9db6c92d-6bfe-46e8-8b40-b964eb231491","Rana clamitans",NA,1,NA
"194","807da79c-d1c9-4614-813c-24a2a7c576e1","2022-07-12 01:46:42 UTC","9db6c92d-6bfe-46e8-8b40-b964eb231491","Rana clamitans",NA,3,NA
"195","f2e4b682-5180-4cbe-ba77-1f46a377e25d","2022-07-12 01:48:38 UTC","9db6c92d-6bfe-46e8-8b40-b964eb231491","Rana catesbeiana",NA,9,NA
"196","1489bba0-2430-4db2-b9dd-7d060ab6ca08","2022-07-12 01:48:46 UTC","9db6c92d-6bfe-46e8-8b40-b964eb231491","Rana clamitans",NA,20,NA
"197","ca9d97b9-5a61-4a93-87c7-3cab77e2c3ad","2022-07-12 01:50:22 UTC","9db6c92d-6bfe-46e8-8b40-b964eb231491","Rana catesbeiana",NA,10,NA
"198","3d356ae8-2e9d-4b51-9a96-f59c1f6d061a","2022-07-12 01:50:31 UTC","9db6c92d-6bfe-46e8-8b40-b964eb231491","Rana clamitans",NA,6,NA
"199","1080fe47-06c4-4e0f-b533-e1ed6cd7f3db","2022-07-12 01:51:40 UTC","9db6c92d-6bfe-46e8-8b40-b964eb231491","Rana catesbeiana",NA,5,NA
"200","e3b3b004-6603-49f1-a6c8-7cd616b88d5b","2022-07-12 01:52:10 UTC","9db6c92d-6bfe-46e8-8b40-b964eb231491","Rana clamitans",NA,10,NA
"201","6fc49629-e89d-4268-9b4c-d42f9d739d8f","2022-07-12 01:53:15 UTC","9db6c92d-6bfe-46e8-8b40-b964eb231491","Rana catesbeiana",NA,3,NA
"202","67a330f0-cac1-41f9-9b05-87466ba92e52","2022-07-12 01:54:30 UTC","9db6c92d-6bfe-46e8-8b40-b964eb231491","Rana clamitans",NA,3,NA
"203","f644a6d7-1947-4850-b6c5-577733aece3a","2022-07-12 01:55:18 UTC","9db6c92d-6bfe-46e8-8b40-b964eb231491","Rana clamitans",NA,2,NA
"204","eb6e9ae4-435c-4014-ad35-34d261d5ce37","2022-07-12 01:56:12 UTC","9db6c92d-6bfe-46e8-8b40-b964eb231491","Rana clamitans",NA,2,NA
"205","f8179559-6717-4d35-8c4f-fd66aa4c0a36","2022-07-12 01:56:43 UTC","9db6c92d-6bfe-46e8-8b40-b964eb231491","Rana catesbeiana",NA,4,NA
"206","f0a0630a-b7e1-40ab-a77e-c77089e79504","2022-07-12 01:57:07 UTC","9db6c92d-6bfe-46e8-8b40-b964eb231491","Rana catesbeiana",NA,1,NA
"207","fae18101-ba73-4f42-98d6-29dac4697ba4","2022-07-12 01:57:12 UTC","9db6c92d-6bfe-46e8-8b40-b964eb231491","Rana clamitans",NA,1,NA
"208","e95372c6-3985-462e-adff-fcf6b60034f6","2022-07-12 01:57:20 UTC","9db6c92d-6bfe-46e8-8b40-b964eb231491","Rana clamitans",NA,3,NA
"209","36b53c60-6549-496c-8292-7a738117cfd7","2022-07-12 01:57:52 UTC","9db6c92d-6bfe-46e8-8b40-b964eb231491","Rana catesbeiana",NA,5,NA
"210","722d0fc3-cc66-4462-8824-706576a37617","2022-07-12 01:58:12 UTC","9db6c92d-6bfe-46e8-8b40-b964eb231491","Rana clamitans",NA,3,NA
"211","b5067a47-d195-4bda-a605-11b0c4a03ba7","2022-07-12 01:58:43 UTC","9db6c92d-6bfe-46e8-8b40-b964eb231491","Rana catesbeiana",NA,5,NA
"212","cc2e0189-a9a4-46f1-8d7a-ef3d9da00fd3","2022-07-12 01:59:26 UTC","9db6c92d-6bfe-46e8-8b40-b964eb231491","Rana clamitans",NA,5,NA
"213","e8770d69-6cef-40e2-b3d2-6f17c446c33a","2022-07-12 01:59:36 UTC","9db6c92d-6bfe-46e8-8b40-b964eb231491","Rana catesbeiana",NA,6,NA
"214","20b1ac08-8e0f-4184-83de-fb363fba4098","2022-07-12 02:00:29 UTC","9db6c92d-6bfe-46e8-8b40-b964eb231491","Rana catesbeiana",NA,5,NA
"215","9db0bbac-10d5-4aa2-bdab-9a8bd72708b8","2022-07-12 02:01:00 UTC","9db6c92d-6bfe-46e8-8b40-b964eb231491","Rana clamitans",NA,8,NA
"216","b76850e2-3d55-4533-8afa-6109b64dd22f","2022-07-12 02:01:24 UTC","9db6c92d-6bfe-46e8-8b40-b964eb231491","Rana catesbeiana",NA,3,NA
"217","fae7a7ab-8395-494a-8074-da2905048adf","2022-07-12 02:01:37 UTC","9db6c92d-6bfe-46e8-8b40-b964eb231491","Rana clamitans",NA,3,NA
"218","5f63a748-7914-4bc4-b7c6-40f9d2a3f83a","2022-07-19 01:32:27 UTC","ac2e66df-4767-446d-aea1-a4fb1e892c49","Rana clamitans",NA,1,NA
"219","db17b407-6f3b-4f57-adb3-509e9ef077e8","2022-07-19 01:34:59 UTC","ac2e66df-4767-446d-aea1-a4fb1e892c49","Rana catesbeiana",NA,1,NA
"220","b69408b4-6a3d-42fa-9552-200bd2059cb3","2022-07-19 01:36:53 UTC","ac2e66df-4767-446d-aea1-a4fb1e892c49","Rana catesbeiana",NA,3,NA
"221","e37f6895-7a93-4514-9440-b0735e39eb64","2022-07-19 01:37:52 UTC","ac2e66df-4767-446d-aea1-a4fb1e892c49","Rana clamitans",NA,1,NA
"222","a51b3f22-bdaa-400b-b6a3-ff8946fa29bb","2022-07-19 01:38:17 UTC","ac2e66df-4767-446d-aea1-a4fb1e892c49","Rana catesbeiana",NA,1,NA
"223","218982d9-b94e-4e66-bc48-59018b171732","2022-07-19 01:38:50 UTC","ac2e66df-4767-446d-aea1-a4fb1e892c49","Rana clamitans",NA,1,NA
"224","cf2f5f27-966e-4fec-9092-87c4e665af98","2022-07-19 01:40:58 UTC","ac2e66df-4767-446d-aea1-a4fb1e892c49","Rana clamitans",NA,6,NA
"225","ff7c4b98-09ff-42d0-8d1a-08b36bbe4e3d","2022-07-19 01:41:21 UTC","ac2e66df-4767-446d-aea1-a4fb1e892c49","Rana clamitans",NA,1,NA
"226","7c29bd11-d15d-46de-a0b0-3b989026570d","2022-07-19 01:41:34 UTC","ac2e66df-4767-446d-aea1-a4fb1e892c49","Rana clamitans",NA,3,NA
"227","da1dbde9-c530-4900-9c3b-8630307c825a","2022-07-19 01:42:27 UTC","ac2e66df-4767-446d-aea1-a4fb1e892c49","Rana clamitans",NA,2,NA
"228","905b86f6-0e2c-4489-83b1-f6a0f4075584","2022-07-19 01:43:43 UTC","ac2e66df-4767-446d-aea1-a4fb1e892c49","Rana clamitans",NA,3,NA
"229","8dc98bcb-8fdf-4ca1-95ae-7f62ca07d519","2022-07-19 01:44:59 UTC","ac2e66df-4767-446d-aea1-a4fb1e892c49","Rana clamitans",NA,3,NA
"230","57adbe1a-7a74-42dd-90aa-cc12c033359e","2022-07-19 01:46:12 UTC","ac2e66df-4767-446d-aea1-a4fb1e892c49","Rana clamitans",NA,1,NA
"231","3515a3bd-b9c9-4419-bb84-2a7f1943a1d2","2022-07-19 01:46:20 UTC","ac2e66df-4767-446d-aea1-a4fb1e892c49","Rana catesbeiana",NA,4,NA
"232","7b17e7b0-b31d-4b74-8f3e-7116d57b1184","2022-07-19 01:47:01 UTC","ac2e66df-4767-446d-aea1-a4fb1e892c49","Rana catesbeiana",NA,2,NA
"233","18ec3e8c-8d0e-45e9-a508-b4549752c84c","2022-07-19 01:47:34 UTC","ac2e66df-4767-446d-aea1-a4fb1e892c49","Rana catesbeiana",NA,4,NA
"234","f88edd0d-8424-4836-b7b1-8ef73c849697","2022-07-19 01:49:00 UTC","ac2e66df-4767-446d-aea1-a4fb1e892c49","Rana catesbeiana",NA,3,NA
"235","658e7938-e135-4730-ad18-114d3ccb687b","2022-07-19 01:49:24 UTC","ac2e66df-4767-446d-aea1-a4fb1e892c49","Rana clamitans",NA,1,NA
"236","09d4cd82-278b-4d01-874a-5560aa70788f","2022-07-19 01:49:30 UTC","ac2e66df-4767-446d-aea1-a4fb1e892c49","Rana catesbeiana",NA,2,NA
"237","7f01c26f-5e87-4e7f-ba5b-ff27a1272c43","2022-07-19 01:50:12 UTC","ac2e66df-4767-446d-aea1-a4fb1e892c49","Rana catesbeiana",NA,5,NA
"238","6646f815-cd73-482a-816c-c9a27f9239a0","2022-07-19 01:50:51 UTC","ac2e66df-4767-446d-aea1-a4fb1e892c49","Rana catesbeiana",NA,2,NA
"239","4aa7a0d1-b769-4f04-bf3c-f3629589f3ad","2022-07-19 01:51:18 UTC","ac2e66df-4767-446d-aea1-a4fb1e892c49","Rana catesbeiana",NA,7,NA
"240","9cb471b7-daf0-4963-b8a7-d8d3569d654b","2022-07-19 01:31:26 UTC","85b41b7f-9bee-4335-b949-699c8179af0d","Rana catesbeiana",NA,2,NA
"241","8b4daf68-c2eb-4da5-b41d-f98d39f9afc8","2022-07-19 01:31:54 UTC","85b41b7f-9bee-4335-b949-699c8179af0d","Rana catesbeiana",NA,1,NA
"242","0aaef444-dee3-451d-b447-e736e2db9c37","2022-07-19 01:33:48 UTC","85b41b7f-9bee-4335-b949-699c8179af0d","Rana clamitans",NA,3,NA
"243","805f2cbc-5a14-44c5-9111-0d00cffcdf3c","2022-07-19 01:34:13 UTC","85b41b7f-9bee-4335-b949-699c8179af0d","Rana clamitans",NA,1,NA
"244","547e3bb2-a5f3-42bb-bdcb-358f28d8e208","2022-07-19 01:34:57 UTC","85b41b7f-9bee-4335-b949-699c8179af0d","Rana catesbeiana",NA,1,NA
"245","92e7d124-18a5-49ad-bce7-73d670ebdfdb","2022-07-19 01:35:20 UTC","85b41b7f-9bee-4335-b949-699c8179af0d","Rana clamitans",NA,1,NA
"246","68020344-5063-4d75-a13b-443a62560185","2022-07-19 01:36:10 UTC","85b41b7f-9bee-4335-b949-699c8179af0d","Rana clamitans",NA,8,NA
"247","e522fbf1-5cb4-4d14-81dd-9cbd6fdf76ed","2022-07-19 01:36:19 UTC","85b41b7f-9bee-4335-b949-699c8179af0d","Rana catesbeiana",NA,8,NA
"248","cff560e4-0c24-41d7-a6e6-6d4b627aa390","2022-07-19 01:36:56 UTC","85b41b7f-9bee-4335-b949-699c8179af0d","Rana catesbeiana",NA,5,NA
"249","ee208f7d-2cfe-4e3a-8a60-a13e34d7389f","2022-07-19 01:37:20 UTC","85b41b7f-9bee-4335-b949-699c8179af0d","Rana clamitans",NA,1,NA
"250","ee285c06-1b4b-4026-9391-a8722b4ba8ab","2022-07-19 01:40:54 UTC","85b41b7f-9bee-4335-b949-699c8179af0d","Rana catesbeiana",NA,1,NA
"251","556b7474-8af2-4a5b-9f20-4b144ce6d12a","2022-07-19 01:41:49 UTC","85b41b7f-9bee-4335-b949-699c8179af0d","Rana catesbeiana",NA,1,NA
"252","5f8408cf-a965-4030-876d-3dd09931c69c","2022-07-19 01:42:30 UTC","85b41b7f-9bee-4335-b949-699c8179af0d","Rana clamitans",NA,1,NA
"253","0198e5d5-163b-427f-8b9d-2c078d5e5b88","2022-07-19 01:42:50 UTC","85b41b7f-9bee-4335-b949-699c8179af0d","Rana clamitans",NA,1,NA
"254","16491216-49f6-47db-8d8b-22dd2f5ef9d2","2022-07-19 01:46:22 UTC","85b41b7f-9bee-4335-b949-699c8179af0d","Rana clamitans",NA,1,NA
"255","96e4b61c-e3fc-4dfe-8abe-a74e5eefb55c","2022-07-19 01:48:24 UTC","85b41b7f-9bee-4335-b949-699c8179af0d","Rana clamitans",NA,1,NA
"256","f40e90a9-a2bc-4aca-b039-e38e1156f689","2022-07-19 01:50:46 UTC","85b41b7f-9bee-4335-b949-699c8179af0d","Rana catesbeiana",NA,12,NA
"257","37b7a496-22d9-41c0-924a-0812f3a36365","2022-07-19 01:51:27 UTC","85b41b7f-9bee-4335-b949-699c8179af0d","Rana clamitans",NA,6,NA
