"fulcrum_id","created_at","location","species","capture_date","cmr_id","cmr_id_other"
"df3838e6-814c-4c39-92f5-483b75950e99","2022-05-04 17:20:17 UTC",NA,NA,2022-05-04,NA,NA
"09ac9d5e-d6f3-40ef-90fc-415c42b79035","2022-05-04 17:29:07 UTC",NA,NA,2022-05-04,NA,NA
"63f99fee-b084-4156-94cc-d1bc21ca8f84","2022-05-04 17:37:31 UTC",NA,NA,2022-05-04,NA,NA
"bcbe47cf-4258-4fea-8262-d40875463aed","2022-05-04 17:38:23 UTC",NA,NA,2022-05-04,NA,NA
"c1dbb01a-7812-4964-b4cb-3c37559f62ee","2022-05-04 17:38:58 UTC",NA,NA,2022-05-04,NA,NA
"acce3415-fa63-47c9-a110-ffd9c4a5b1a4","2022-05-04 17:40:43 UTC",NA,NA,2022-05-04,NA,NA
"caf3adf6-31e6-44fe-a658-f417350dd810","2022-05-04 17:41:20 UTC",NA,NA,2022-05-04,NA,NA
"9c68adc1-45dc-4600-99cf-96a5728b6e8e","2022-05-04 19:35:28 UTC",NA,NA,2022-05-04,NA,NA
"78690712-b6ca-449e-b056-8b7cced70efc","2022-05-05 17:02:56 UTC",NA,NA,2022-05-05,NA,NA
"9278a4a4-7e7e-4b2c-925b-8fe6459369e4","2022-05-18 23:16:38 UTC","Admin Pond","Rana catesbeiana",2022-05-18,"A2",NA
"79bcecb9-febd-4a36-af00-ca03aa68504d","2022-05-18 23:17:20 UTC","Admin Pond","Rana catesbeiana",2022-05-18,"A2",NA
"dff652e3-3d5a-4f8e-9ac3-825f7a3b0727","2022-05-18 23:21:04 UTC","Admin Pond","Rana catesbeiana",2022-05-18,"A2",NA
"a28a0a3f-9ded-4d9e-a94b-e193f55322b7","2022-05-19 03:38:45 UTC","Admin Pond","Rana catesbeiana",2022-05-18,"A2",NA
"b8dab5e4-b042-46a0-8915-b4a2b5a7cc0b","2022-05-19 06:55:19 UTC","Admin Pond","Rana catesbeiana",2022-05-18,"A3",NA
"d57d7e3a-13e8-420b-8225-605cdd83c87c","2022-05-19 07:03:56 UTC","Admin Pond","Rana catesbeiana",2022-05-18,"A4",NA
"dd43bef5-85d3-4ccc-b614-4a86ce80b0c4","2022-05-19 07:09:20 UTC","Admin Pond","Rana catesbeiana",2022-05-18,"B2B3",NA
"2ff33a28-b8b2-4bbe-9e47-b6e9e398ec10","2022-05-19 07:14:44 UTC","Admin Pond","Rana catesbeiana",2022-05-18,"B2",NA
"49e58964-2321-4f44-b73c-e5175ae1b952","2022-05-19 07:16:57 UTC","Admin Pond","Rana catesbeiana",2022-05-18,"B3",NA
"30dd0083-d964-449f-826c-06be424e5dcc","2022-05-19 07:20:37 UTC","Admin Pond","Rana catesbeiana",2022-05-18,"B4",NA
"f45dd78d-7a41-453a-8e4d-9026756900cc","2022-05-19 07:23:16 UTC","Admin Pond","Rana catesbeiana",2022-05-18,"A2A3",NA
"f5e9f600-3eac-4b65-9857-f80710fc8c49","2022-05-19 07:25:48 UTC","Admin Pond","Rana catesbeiana",2022-05-18,"A2A4",NA
"e3a5765a-8785-4564-bd2a-129ecb7e7dc2","2022-05-19 07:29:38 UTC","Admin Pond","Rana catesbeiana",2022-05-18,"A3A4",NA
"12eeb9b5-5aee-49c2-8d99-42b48c982ad5","2022-05-19 07:33:20 UTC","Admin Pond","Rana catesbeiana",2022-05-18,"A2B2",NA
"fe0cc5f7-d57b-4b63-b95b-d0fd4bb44855","2022-05-19 07:36:05 UTC","Admin Pond","Rana catesbeiana",2022-05-18,"A2B3",NA
"fc52842b-d6d4-4f9b-8d57-8dfa8742b200","2022-05-19 07:41:15 UTC","Admin Pond","Rana catesbeiana",2022-05-18,"A2B4",NA
"a768ee4f-560b-4bd6-b6a3-45fe6c52ffaf","2022-05-19 07:45:22 UTC","Admin Pond","Rana catesbeiana",2022-05-18,"A3B2",NA
"93ed65c4-470f-41b4-86a3-ef532595a753","2022-05-19 07:48:23 UTC","Admin Pond","Rana catesbeiana",2022-05-18,"A3B3",NA
"de26eb8e-30ac-4926-aee6-a5656cb005a0","2022-05-19 07:52:01 UTC","Admin Pond","Rana pipiens",2022-05-18,"A3",NA
"ef78ee09-4888-406e-ad3c-0692ea9c6ca5","2022-05-19 07:54:52 UTC","Admin Pond","Rana pipiens",2022-05-18,"A2",NA
"60aa8635-cc0d-4275-9049-f74cd2be6ea4","2022-05-19 07:57:42 UTC","Admin Pond","Rana pipiens",2022-05-18,"A4",NA
"ab365a83-e2b4-420f-98a7-094e84c0683a","2022-05-19 07:59:36 UTC","Admin Pond","Pseudacris crucifer",2022-05-18,"A2",NA
"fcc88102-313d-4cad-a6cf-4082fb8b8c49","2022-05-19 08:02:23 UTC","Admin Pond","Pseudacris crucifer",2022-05-18,"A3",NA
"2eb1d0b4-9396-4257-9b86-6ec4556a6c3e","2022-05-20 04:38:58 UTC","Admin Pond","Rana catesbeiana",2022-05-19,"A2A4",NA
"ecf4f86d-c80d-4dca-8844-8415f8720a60","2022-05-20 04:48:15 UTC","Admin Pond","Rana catesbeiana",2022-05-19,"A3B4",NA
"ce63171b-8e98-40fe-a62f-9561391bb8a4","2022-05-20 04:52:01 UTC","Admin Pond","Rana catesbeiana",2022-05-19,"A4B2",NA
"43d7f751-26b8-4ff2-9d67-0ca3ed089e4b","2022-05-20 04:54:46 UTC","Admin Pond","Rana catesbeiana",2022-05-19,"A4B3",NA
"faf211aa-8c29-4516-b4a2-b4c430a26029","2022-05-20 04:58:04 UTC","Admin Pond","Rana catesbeiana",2022-05-19,"A4B4",NA
"9223dad1-06dd-4544-8f6c-c1097c404dcd","2022-05-20 05:00:51 UTC","Admin Pond","Rana catesbeiana",2022-05-19,"B2B4",NA
"77e70f11-73df-48ae-a528-7f6aa000eac9","2022-05-20 05:11:30 UTC","Admin Pond",NA,2022-05-19,"B3B4",NA
"cd015c34-b17f-45de-bebc-972aff09cf68","2022-05-20 05:13:41 UTC","Admin Pond",NA,2022-05-19,"A2C4",NA
"0ece465b-c22f-44ad-a2b3-60b66810106f","2022-05-20 05:19:39 UTC","Admin Pond",NA,2022-05-19,"A3C4",NA
"2ba9fae2-7489-4889-949d-7169c7bb974e","2022-05-20 05:24:18 UTC","Admin Pond",NA,2022-05-19,"A4C4",NA
"872ccfa8-29df-44e6-b4a4-49f6bd83a3f6","2022-05-20 05:28:16 UTC","Admin Pond",NA,2022-05-19,"B2C4",NA
"c41fcf0a-adbf-4d4e-b604-d5887b7f0c77","2022-05-20 05:32:45 UTC","Admin Pond",NA,2022-05-19,"B2",NA
"4bf16a1b-53e3-4bd9-a7f3-5ce95b789758","2022-05-20 05:34:59 UTC","Admin Pond",NA,2022-05-19,"B3",NA
"c66d5bf6-5dd6-484d-9579-057a979982d0","2022-05-20 05:35:32 UTC","Admin Pond",NA,2022-05-19,"B4",NA
"b04f061e-2f17-4b86-971f-620d3a7e7e13","2022-05-20 05:38:53 UTC","Admin Pond",NA,2022-05-19,"A4",NA
"93e1c849-e5cf-4f64-b376-5c6879db98e0","2022-05-20 05:39:59 UTC","Admin Pond",NA,2022-05-19,"A4",NA
"b524ad08-f189-4809-ad1c-4a185c022236","2022-05-20 05:40:29 UTC","Admin Pond",NA,2022-05-19,"B2",NA
"1a7147a3-ba34-4098-b308-aba3ae980dbf","2022-05-20 05:41:57 UTC","Admin Pond",NA,2022-05-19,"B3",NA
"a0841d0b-1197-4fef-beaf-e14eb80f4fcd","2022-05-20 05:46:53 UTC","Admin Pond","Rana catesbeiana",2022-05-19,"A2A3",NA
"c1dcc31c-87eb-4537-9470-356e318b9b19","2022-05-20 05:56:47 UTC","Admin Pond",NA,2022-05-19,"A2",NA
"f060d7d9-b62f-4ae9-8d65-cf524a94a307","2022-05-20 05:59:44 UTC","Admin Pond",NA,2022-05-19,"A4",NA
"903d8341-b574-404e-8659-6a7323041bbe","2022-05-20 06:05:43 UTC","Admin Pond",NA,2022-05-19,NA,"A1A2"
"357f2934-a97e-420d-9340-df83654030c3","2022-05-20 06:11:02 UTC","Admin Pond",NA,2022-05-19,"B2",NA
"8587650d-e715-469e-bec9-3c1727c51ca1","2022-05-20 06:13:17 UTC","Admin Pond",NA,2022-05-19,"A3B2",NA
"63928a8b-bc3f-43eb-912a-c0eaf88444d2","2022-05-20 06:15:22 UTC","Admin Pond",NA,2022-05-19,NA,"B1B2"
"71643ec1-cc76-4ccd-b969-09f38eda3867","2022-05-20 06:17:40 UTC","Admin Pond",NA,2022-05-19,"A3B2",NA
"2765fa30-d94c-4fcb-9343-55b9133d6ebc","2022-05-20 06:19:46 UTC","Admin Pond",NA,2022-05-19,"A4",NA
"0e5ae94d-5bd1-48b2-abd4-cce9c2d9e342","2022-05-20 06:22:25 UTC","Admin Pond",NA,2022-05-19,"A2",NA
"85800845-46bf-4672-970d-8c960dd9777c","2022-05-20 06:24:59 UTC","Admin Pond",NA,2022-05-19,"A3",NA
"28fa1e78-cc91-4a23-8705-340e7a38a0dd","2022-05-20 06:26:42 UTC","Admin Pond",NA,2022-05-19,"A4",NA
"884e45e1-bee9-4794-9894-0b32ddd3b264","2022-05-20 18:50:52 UTC","Admin Pond","Pseudacris crucifer",2022-05-19,"B4",NA
"f4a81427-24ba-464d-911a-e6b1eccf14b4","2022-05-27 04:19:36 UTC","Wood Lab Pond","Rana catesbeiana",2022-05-27,"A2",NA
"70fb0551-610d-46ad-ae59-33bffa0a7d14","2022-05-27 04:23:01 UTC","Wood Lab Pond","Rana catesbeiana",2022-05-27,"A2",NA
"a693e329-f871-4247-8d4d-1ca915832a9e","2022-05-27 04:23:32 UTC","Wood Lab Pond","Rana catesbeiana",2022-05-27,"A3",NA
"f152c6ed-4618-4671-ac72-6f573ea37ece","2022-05-27 04:27:05 UTC","Wood Lab Pond","Rana catesbeiana",2022-05-27,"A4",NA
"830a9d2b-02c3-47cb-bc5b-985a81fd7b2b","2022-05-27 04:28:41 UTC","Wood Lab Pond","Rana catesbeiana",2022-05-27,"B2",NA
"776a8e42-c8ed-4e33-936a-d7084502e091","2022-05-28 03:05:14 UTC","Wood Lab Pond","Rana catesbeiana",2022-05-27,"B3",NA
"78c44912-ca51-4143-a400-92b454e64146","2022-06-04 03:12:00 UTC","Wood Lab Pond","Rana catesbeiana",2022-05-27,"A2",NA
"03085e1c-a035-447f-9bfd-142d59db522d","2022-06-04 03:15:23 UTC","Wood Lab Pond","Rana catesbeiana",2022-05-27,"A3",NA
"74b4226a-b0fb-492b-bbea-12c03ed0611f","2022-06-04 03:46:59 UTC","Wood Lab Pond","Rana catesbeiana",2022-05-27,"A4",NA
"c80eee86-7743-4003-8dbe-55542e84c9fc","2022-06-05 03:07:43 UTC","Phelps Pond","Rana catesbeiana",2022-06-04,"B2",NA
"bc8c8f0f-3fc0-4238-b262-9dc62c8728cd","2022-06-05 03:12:20 UTC","Phelps Pond","Rana catesbeiana",2022-06-04,"B3",NA
"55e279cf-b8f9-4627-b306-3ef2094af252","2022-06-05 03:14:08 UTC","Phelps Pond","Rana catesbeiana",2022-06-04,"B4",NA
"d6ddf0f7-2c32-479b-9fca-3922d56c504d","2022-06-05 03:15:37 UTC","Phelps Pond","Rana catesbeiana",2022-06-04,"A2B2",NA
"d16512df-f936-46b3-8833-51ad681256b6","2022-06-05 03:17:05 UTC","Phelps Pond","Rana catesbeiana",2022-06-04,"A2B3",NA
"f4a2c8bb-c8b2-4a4f-b2dc-a1e52aad1eba","2022-06-08 05:15:09 UTC","RV Pond","Rana catesbeiana",2022-06-04,"A2",NA
"aadd5160-95f6-40e5-9f21-ebf1ecd2ee8d","2022-06-08 05:18:30 UTC","RV Pond","Rana catesbeiana",2022-06-04,"A3",NA
"7596b49b-9cb9-4cfa-a576-d70769fba08f","2022-06-08 05:20:15 UTC","RV Pond","Rana catesbeiana",2022-06-04,"A3A4",NA
"18cf979a-b3fa-433c-94e3-1d5522b8f42d","2022-06-08 05:23:03 UTC","RV Pond","Rana catesbeiana",2022-06-04,"A4",NA
"0eedb390-6cb0-4a06-a912-2c2e5d489393","2022-06-08 05:24:38 UTC","RV Pond","Rana catesbeiana",2022-06-04,"B2",NA
"17ad93d0-53d4-4bac-8869-f34ad0ad60b9","2022-06-08 05:26:34 UTC","RV Pond","Rana catesbeiana",2022-06-04,"B3",NA
"87d2e23b-f3d6-49f7-9a33-2918eb5bfc98","2022-06-08 05:27:41 UTC","RV Pond","Rana catesbeiana",2022-06-04,"B4",NA
"f4a2c8bb-c8b2-4a4f-b2dc-a1e52aad1eba","2022-06-08 05:15:09 UTC","RV Pond","Rana catesbeiana",2022-06-07,"A2",NA
"aadd5160-95f6-40e5-9f21-ebf1ecd2ee8d","2022-06-08 05:18:30 UTC","RV Pond","Rana catesbeiana",2022-06-07,"A3",NA
"7596b49b-9cb9-4cfa-a576-d70769fba08f","2022-06-08 05:20:15 UTC","RV Pond","Rana catesbeiana",2022-06-07,"A3A4",NA
"18cf979a-b3fa-433c-94e3-1d5522b8f42d","2022-06-08 05:23:03 UTC","RV Pond","Rana catesbeiana",2022-06-07,"A4",NA
"0eedb390-6cb0-4a06-a912-2c2e5d489393","2022-06-08 05:24:38 UTC","RV Pond","Rana catesbeiana",2022-06-07,"B2",NA
"17ad93d0-53d4-4bac-8869-f34ad0ad60b9","2022-06-08 05:26:34 UTC","RV Pond","Rana catesbeiana",2022-06-07,"B3",NA
"87d2e23b-f3d6-49f7-9a33-2918eb5bfc98","2022-06-08 05:27:41 UTC","RV Pond","Rana catesbeiana",2022-06-07,"B4",NA
"12998a52-91b8-4c54-8d8d-d60450f528de","2022-06-09 02:38:17 UTC","RV Pond","Rana catesbeiana",2022-06-07,"A2",NA
"f0893cf2-7b55-474a-8133-dcfbeb1b96c1","2022-06-09 02:39:51 UTC","RV Pond","Rana catesbeiana",2022-06-07,"A2A3",NA
"a024fdc7-9e5e-4130-b016-74b049b6d97b","2022-06-09 02:44:01 UTC","RV Pond","Rana catesbeiana",2022-06-07,"A2A4",NA
"10c5d7f5-b4eb-4fc9-9131-5e88c0756197","2022-06-09 02:46:57 UTC","RV Pond","Rana catesbeiana",2022-06-07,"A2B2",NA
"7f92dbdf-cb5a-48a7-837a-5450b4a46069","2022-06-09 02:50:03 UTC","RV Pond","Rana catesbeiana",2022-06-07,"A2B3",NA
"318943b4-4ffb-4a2b-997c-50b016b180d0","2022-06-16 04:20:42 UTC","Tuttle Pond","Rana catesbeiana",2022-06-16,"A3B4",NA
"387470d6-e8ac-4a74-b51a-a00b7579b6a3","2022-06-16 04:23:17 UTC","Tuttle Pond","Rana catesbeiana",2022-06-16,"A4B2",NA
"a1722807-aa8a-485e-b90c-ae0988994734","2022-06-16 04:25:53 UTC","Tuttle Pond","Rana catesbeiana",2022-06-16,"A4B3",NA
"9600f036-7dd5-4bb1-bb9b-418cf4a3eae8","2022-06-16 04:27:39 UTC","Tuttle Pond","Rana catesbeiana",2022-06-16,"A4B4",NA
"f60ad4f5-9555-47ff-a10b-8071677624e1","2022-06-16 04:29:44 UTC","Tuttle Pond","Rana catesbeiana",2022-06-16,NA,"A2A3B2"
"a0f86611-a4af-4302-be8f-101fc4086316","2022-06-16 04:31:30 UTC","Tuttle Pond","Rana catesbeiana",2022-06-16,NA,"A2A3B4"
"83e40ed5-1445-4629-8776-c1ebb83751ee","2022-06-16 04:33:03 UTC","Tuttle Pond","Rana catesbeiana",2022-06-16,NA,"A2A4B2"
"ff73589f-9a3b-478a-a037-9c5b77345de7","2022-06-16 04:35:34 UTC","Tuttle Pond","Rana catesbeiana",2022-06-16,NA,"A2A4B3"
"eef50f93-4714-4b9d-83f3-38877ef9511e","2022-06-16 04:37:08 UTC","Tuttle Pond","Rana catesbeiana",2022-06-16,NA,"A2A4B4"
"56e06ef3-fadc-4fc3-b859-fc389d7bc595","2022-06-16 04:38:57 UTC","Tuttle Pond","Rana catesbeiana",2022-06-16,NA,"A3A4B2"
"d3cc244d-a85c-48d7-b1cc-f33fee6ba646","2022-06-16 04:40:11 UTC","Tuttle Pond","Rana catesbeiana",2022-06-16,NA,"A3A4B3"
"1765ee31-72c2-4dee-8dde-bf99a1058bfa","2022-06-15 04:41:57 UTC","Tuttle Pond","Rana catesbeiana",2022-06-15,"A2",NA
"ef5d43f9-6489-4800-94c1-790c88e83ecc","2022-06-15 04:44:29 UTC","Tuttle Pond","Rana catesbeiana",2022-06-15,"A3",NA
"97bb8950-1465-4772-a546-f3f8106acdf3","2022-06-15 04:46:26 UTC","Tuttle Pond","Rana catesbeiana",2022-06-15,"A4",NA
"101cbb74-1941-4e63-8715-f7f42cde7cfd","2022-06-15 04:48:06 UTC","Tuttle Pond","Rana catesbeiana",2022-06-15,"B2",NA
"ec74f99e-2391-43a8-8929-957e37384ab5","2022-06-15 04:50:54 UTC","Tuttle Pond","Rana catesbeiana",2022-06-15,"B3",NA
"e3942673-21fa-45e3-a580-81dc0e8fc6c3","2022-06-15 04:54:35 UTC","Tuttle Pond","Rana catesbeiana",2022-06-15,"B4",NA
"ab5a2862-c3d6-4d6d-9a9b-68459791aeca","2022-06-15 04:56:35 UTC","Tuttle Pond","Rana catesbeiana",2022-06-15,"A2A3",NA
"81585871-9ebb-48c5-8382-e6b89692b176","2022-06-15 04:58:11 UTC","Tuttle Pond","Rana catesbeiana",2022-06-15,"A2A4",NA
"822e5f53-df47-4e14-98c1-37a397341017","2022-06-15 05:00:56 UTC","Tuttle Pond","Rana catesbeiana",2022-06-15,"A3A4",NA
"ef73b9a9-43fd-4665-b62b-e5e56d78c7a9","2022-06-15 05:02:57 UTC","Tuttle Pond","Rana catesbeiana",2022-06-15,"A2B2",NA
"d5ac57ec-61e0-4bf7-a8b6-d326e97444b3","2022-06-15 05:05:27 UTC","Tuttle Pond","Rana catesbeiana",2022-06-15,"A2B3",NA
"c5898625-fa67-4f6a-9c95-da4465952f01","2022-06-15 05:09:06 UTC","Tuttle Pond","Rana catesbeiana",2022-06-15,"A2B4",NA
"2760d35a-5840-4355-84a1-7c9874ef122e","2022-06-15 05:10:43 UTC","Tuttle Pond","Rana catesbeiana",2022-06-15,"A3B2",NA
"82e477df-ef00-43cc-8721-9d137188b8c7","2022-06-15 05:11:40 UTC","Tuttle Pond","Rana catesbeiana",2022-06-15,NA,"A2A3B3"
"2859fdf8-a928-458f-8c3c-361801d10e96","2022-06-15 05:14:42 UTC","Tuttle Pond","Rana catesbeiana",2022-06-15,"A3B3",NA
"c4905edc-42ee-4512-a1f9-e8a8a4e80096","2022-06-16 03:46:46 UTC","Tuttle Pond","Rana catesbeiana",2022-06-15,"A4",NA
"c89bae24-af5a-439e-92e1-88086d91943e","2022-06-16 03:47:18 UTC","Tuttle Pond","Rana catesbeiana",2022-06-15,"A2A4",NA
"bf848a34-2be6-4ae6-933b-9970d040119d","2022-06-16 03:47:49 UTC","Tuttle Pond","Rana catesbeiana",2022-06-15,"A3B4",NA
"19941e3c-38ef-423c-8214-8c92c8ca7310","2022-06-16 03:49:33 UTC","Tuttle Pond","Rana catesbeiana",2022-06-15,"A2A3",NA
"6ac597e0-3a45-417f-94fc-2c1056567207","2022-06-16 03:50:00 UTC","Tuttle Pond","Rana catesbeiana",2022-06-15,"A3B3",NA
"46fa1fbc-d543-4de6-b918-875fc187e785","2022-06-16 03:50:36 UTC","Tuttle Pond","Rana catesbeiana",2022-06-15,"A2B2",NA
"48e11475-5f4e-47ee-9b31-cca48bd2ceff","2022-06-16 03:51:03 UTC","Tuttle Pond","Rana catesbeiana",2022-06-15,"B3",NA
"e41751ce-c321-414a-88b7-5ba53ec17474","2022-06-16 03:52:08 UTC","Tuttle Pond","Rana catesbeiana",2022-06-15,"A2B3",NA
"dcb1e4ad-0ab1-479a-8a3c-e0b5252e834e","2022-06-16 03:52:40 UTC","Tuttle Pond","Rana catesbeiana",2022-06-15,"B3",NA
"1f50ba3d-7b4a-4ab3-9460-b2594c1705b7","2022-06-16 03:53:30 UTC","Tuttle Pond","Rana catesbeiana",2022-06-15,"A2",NA
"899fcb80-c8c2-4516-91e4-0fa4632f8088","2022-06-28 04:10:12 UTC","Vorisek Pond","Rana catesbeiana",2022-06-27,NA,"A2A3A4"
"cc1d980e-f963-485a-924c-1586b6d3bb51","2022-06-28 05:21:01 UTC","Vorisek Pond","Rana catesbeiana",2022-06-27,"A2",NA
"1256fed4-3e0d-42ee-a493-01a55a8a75b2","2022-06-28 05:23:30 UTC","Vorisek Pond","Rana catesbeiana",2022-06-27,"A3",NA
"61a60510-9340-4a30-90ff-bfd282305493","2022-06-28 05:25:19 UTC","Vorisek Pond","Rana catesbeiana",2022-06-27,"A4",NA
"a75be5cd-728d-465f-b54e-af161627da72","2022-06-28 05:26:42 UTC","Vorisek Pond","Rana catesbeiana",2022-06-27,"B2",NA
"632f450d-9f6c-43bd-9976-695df4c08775","2022-06-28 05:28:18 UTC","Vorisek Pond","Rana catesbeiana",2022-06-27,"B3",NA
"cb79fc19-c2e6-4494-b1d5-f49959af5222","2022-06-28 05:30:01 UTC","Vorisek Pond","Rana catesbeiana",2022-06-27,"B4",NA
"a629037a-271c-4f90-8184-061595de70a7","2022-06-28 05:31:17 UTC","Vorisek Pond","Rana catesbeiana",2022-06-27,"A2A3",NA
"de4e8c2c-76cb-45aa-a3d1-92a769994b3d","2022-06-28 05:33:34 UTC","Vorisek Pond","Rana catesbeiana",2022-06-27,"A2A4",NA
"91538001-1bf7-4f1f-a977-104367bfd47f","2022-06-28 05:35:33 UTC","Vorisek Pond","Rana catesbeiana",2022-06-27,"A3A4",NA
"f89475b4-e93a-4735-908b-da9b4fdb7ba3","2022-06-28 05:37:22 UTC","Vorisek Pond","Rana catesbeiana",2022-06-27,"A2B2",NA
"48a740cf-e5d5-4e21-9ebe-ad82bb63779c","2022-06-28 05:39:52 UTC","Vorisek Pond","Rana catesbeiana",2022-06-27,"A2B3",NA
"138ab2a0-17b2-414c-b388-d0bf2f832af9","2022-06-28 05:41:37 UTC","Vorisek Pond","Rana catesbeiana",2022-06-27,"A2B4",NA
"9036b62c-ba54-422e-9fb9-389af18b3394","2022-06-28 05:42:54 UTC","Vorisek Pond","Rana catesbeiana",2022-06-27,"A3B2",NA
"ef13ec41-354e-426d-b92d-fa147b028386","2022-06-29 03:16:06 UTC","Vorisek Pond","Rana catesbeiana",2022-06-28,"B3",NA
"560b55a7-88dd-4211-8e6e-ea1c9da265b1","2022-06-29 03:16:51 UTC","Vorisek Pond","Rana catesbeiana",2022-06-28,"B2",NA
"dcb71782-0c18-4823-9129-40d7d87bad9a","2022-06-29 03:17:15 UTC","Vorisek Pond","Rana catesbeiana",2022-06-28,"A2A4",NA
"95d96885-bbd7-4fcd-abe5-18be07e2e590","2022-06-29 03:17:37 UTC","Vorisek Pond","Rana catesbeiana",2022-06-28,"A3",NA
"d6f84bfe-1f52-4a9e-943f-e83a897cc88a","2022-06-29 03:18:09 UTC","Vorisek Pond","Rana catesbeiana",2022-06-28,NA,"A2A3A4"
"760a69a9-783f-4f79-960f-e672872334df","2022-06-29 03:18:38 UTC","Vorisek Pond","Rana catesbeiana",2022-06-28,"A2",NA
"cf34ce26-0bc5-4aa5-8535-dd2b6b4bac08","2022-06-29 03:19:37 UTC","Vorisek Pond","Rana catesbeiana",2022-06-28,"A3B2",NA
"64caee74-7cfe-4a9c-bcf4-7423ff7aa7c8","2022-06-29 03:20:00 UTC","Vorisek Pond","Rana catesbeiana",2022-06-28,"B4",NA
"3a0baaed-dbd1-4dda-b282-ed56bf966353","2022-06-29 03:20:35 UTC","Vorisek Pond","Rana catesbeiana",2022-06-28,"A3A4",NA
"7239eb2a-13e3-4b14-a8fe-fb558f0a41e0","2022-06-29 03:35:26 UTC","Vorisek Pond","Rana catesbeiana",2022-06-28,NA,"D1D2D3D4"
"9cf298ee-1723-4bb6-b7d6-07564ba0c504","2022-06-29 03:40:39 UTC","Vorisek Pond","Rana catesbeiana",2022-06-28,"A3B3",NA
"7b8cb562-fe42-4c6c-8953-f499987e46fe","2022-06-29 03:42:39 UTC","Vorisek Pond","Rana catesbeiana",2022-06-28,"A3B4",NA
"8e006d02-eae6-4d2a-bf0b-512daf6ffa64","2022-06-29 03:43:47 UTC","Vorisek Pond","Rana catesbeiana",2022-06-28,"A4B2",NA
"9291b833-2d89-4956-8dc4-0585bba9bc39","2022-07-12 05:28:51 UTC","RV Pond","Rana catesbeiana",2022-07-11,"A2B4",NA
"92303a27-b164-4647-aa0d-f2676938218e","2022-07-12 05:30:27 UTC","RV Pond","Rana catesbeiana",2022-07-11,"A3B2",NA
"664486c9-2f78-43c8-b9f9-bc58bee8e0f0","2022-07-12 05:32:03 UTC","RV Pond","Rana catesbeiana",2022-07-11,"A3B3",NA
"3d97e9ae-b325-4515-8690-cb93dc197f07","2022-07-12 05:33:05 UTC","RV Pond","Rana catesbeiana",2022-07-11,"A3B4",NA
"5c841212-ad85-4a96-abb6-bfb207bba1d9","2022-07-12 05:34:15 UTC","RV Pond","Rana catesbeiana",2022-07-11,"A4B2",NA
"1eb1614b-b431-4afb-a6fb-5d04355dc0be","2022-07-12 05:36:00 UTC","RV Pond","Rana catesbeiana",2022-07-11,"A4B3",NA
"823c41c3-5096-4e8d-9b84-c4ac3b28537d","2022-07-12 05:37:35 UTC","RV Pond","Rana catesbeiana",2022-07-11,"A4B4",NA
"29774347-494b-41bb-90e1-ee730747f4ab","2022-07-12 05:39:10 UTC","RV Pond","Rana catesbeiana",2022-07-11,NA,"A2A3B2"
"8951e6bb-0915-4441-8c25-661842b359e1","2022-07-12 05:42:06 UTC","RV Pond","Rana catesbeiana",2022-07-11,NA,"A2A3B3"
"cde30b28-c8c3-49f8-a6b5-9a9a8a161d30","2022-07-12 05:43:51 UTC","RV Pond","Rana catesbeiana",2022-07-11,NA,"A2A3B4"
"a2de9b3f-ea57-45c9-8048-659468836d63","2022-07-12 05:45:59 UTC","RV Pond","Rana catesbeiana",2022-07-11,NA,"A2A4B2"
"e31659ec-0a15-4479-9fe7-5888c810f9ce","2022-07-12 05:47:28 UTC","RV Pond","Rana catesbeiana",2022-07-11,NA,"A2A4B3"
"33a8aa71-6932-498a-8211-3e2849bf087e","2022-07-12 05:48:55 UTC","RV Pond","Rana catesbeiana",2022-07-11,NA,"A2A4B4"
"a0e0a6bb-c89e-446d-99f6-963085a9db8c","2022-07-12 05:55:26 UTC","RV Pond",NA,2022-07-11,"A2",NA
"d70c6d03-62e0-4e8d-8d0a-9ace6a32ddc1","2022-07-13 04:33:31 UTC","RV Pond","Rana catesbeiana",2022-07-12,"A4B2",NA
"b250863c-79c0-45c3-b415-28366ae51e7c","2022-07-13 04:45:04 UTC","RV Pond","Rana catesbeiana",2022-07-12,NA,"A2A3B2"
"8b15cc00-0712-4997-b067-956b24a2f85d","2022-07-19 04:05:04 UTC","Tuttle Pond","Rana catesbeiana",2022-07-18,"A2",NA
"e650cbcd-bc8a-4dc9-ad63-0eb1b590246c","2022-07-19 04:14:34 UTC","Tuttle Pond","Rana catesbeiana",2022-07-18,"A3",NA
"f05a3928-aefb-4dc5-8131-56e1b3dee0e2","2022-07-19 04:40:05 UTC","Tuttle Pond","Rana catesbeiana",2022-07-18,"A4",NA
"c7f47510-602c-4d30-9b2f-9c5e151ace08","2022-07-19 04:44:36 UTC","Tuttle Pond","Rana catesbeiana",2022-07-18,"B2",NA
"65c7286b-f471-435b-af6e-4a4063651f37","2022-07-19 04:48:46 UTC","Tuttle Pond","Rana catesbeiana",2022-07-18,"B3",NA
"c6f54a12-dd4a-46ff-9f3f-5be6f61ff59a","2022-07-19 04:54:36 UTC","Tuttle Pond","Rana catesbeiana",2022-07-18,"B4",NA
"6224d414-cf3c-4807-a334-0109b89ffdb0","2022-07-19 04:59:19 UTC","Tuttle Pond","Rana catesbeiana",2022-07-18,"A2A3",NA
"d38fccda-e902-401b-93da-dec996c3cab9","2022-07-19 05:02:09 UTC","Tuttle Pond","Rana catesbeiana",2022-07-18,"A2A4",NA
"0bca3ce7-1972-43d5-8b11-aafb54c5d54f","2022-07-19 05:07:36 UTC","Tuttle Pond","Rana catesbeiana",2022-07-18,"A3A4",NA
"eea7cf7e-02d5-47b3-a0e3-a7dfa6a1a8e1","2022-07-19 05:08:31 UTC","Tuttle Pond","Rana catesbeiana",2022-07-18,"A2B2",NA
"ef6f9883-d069-444d-8050-6b0572e648a0","2022-07-19 05:12:15 UTC","Tuttle Pond","Rana catesbeiana",2022-07-18,"A2B3",NA
"b83ae776-9cd2-425b-8ac9-3ae37efedb07","2022-07-19 05:17:06 UTC","Tuttle Pond","Rana catesbeiana",2022-07-18,"A2B4",NA
"de7f9b38-1720-42c3-bdaf-668a96278705","2022-07-19 05:21:22 UTC","Tuttle Pond","Rana catesbeiana",2022-07-18,"A3B2",NA
"de8d4a3a-1361-4887-b438-91f99f28a379","2022-07-19 05:26:13 UTC","Tuttle Pond","Rana catesbeiana",2022-07-18,"A3B3",NA
"85ef7934-300b-439d-80f9-d94c6f9d6d3b","2022-07-19 05:27:46 UTC","Tuttle Pond","Rana catesbeiana",2022-07-18,"A3B4",NA
"e64a0f7d-0fd9-4e42-b866-d86e5ef26f6d","2022-07-19 05:32:28 UTC","Tuttle Pond","Rana catesbeiana",2022-07-18,"A4B2",NA
"594d3511-1988-4888-b863-d7326fc8529e","2022-07-19 05:37:46 UTC","Tuttle Pond","Rana catesbeiana",2022-07-18,"A4B3",NA
"f12f4eb0-c5c0-400a-a4a2-a493eabc9b30","2022-07-19 05:40:46 UTC","Tuttle Pond","Rana catesbeiana",2022-07-18,"A4B4",NA
"3e3fa760-70f0-41a7-a516-8d1376dadf73","2022-07-19 05:46:38 UTC","Tuttle Pond","Rana catesbeiana",2022-07-18,NA,"A2A3B2"
"6a76f506-70d2-4a81-a19f-0b700e017596","2022-07-19 05:48:32 UTC","Tuttle Pond","Rana catesbeiana",2022-07-18,NA,"A2A3B3"
"f232f1b8-a105-45f4-8bcb-8f915e11d52b","2022-07-19 05:52:00 UTC","Tuttle Pond","Rana catesbeiana",2022-07-18,NA,"A2A3B4"
"88293a8d-01a6-4767-a187-59b39c7e4763","2022-07-19 05:56:36 UTC","Tuttle Pond",NA,2022-07-18,NA,"A2A4B2"
"5ff49a17-7ae6-45b0-962f-4630a12f0f85","2022-07-19 06:00:37 UTC","Tuttle Pond",NA,2022-07-18,NA,"A2A4B3"
"2312e857-5a62-4c1f-b397-04dc3801b842","2022-07-19 06:02:35 UTC","Tuttle Pond","Rana catesbeiana",2022-07-18,NA,"A2A4B4"
"7a4212a3-489e-4522-9392-fbda86ddd0ef","2022-07-19 06:06:16 UTC","Tuttle Pond","Rana catesbeiana",2022-07-18,NA,"A3A4B2"
"ca32ea56-d9ea-4c56-bd6d-eb6a230977bd","2022-07-19 06:11:14 UTC","Tuttle Pond","Rana catesbeiana",2022-07-18,NA,"A3A4B3"
"a43df10e-1e4f-4b0c-99e1-b44087c5b574","2022-07-19 06:14:39 UTC","Tuttle Pond","Rana catesbeiana",2022-07-18,NA,"A3A4B4"
"da60b00d-8819-4ced-ade6-95ba9babeff6","2022-07-19 06:19:40 UTC","Tuttle Pond","Rana catesbeiana",2022-07-18,"A2",NA
"e19011d0-9bd1-4ffe-bb71-bfd13661c001","2022-07-19 06:21:03 UTC","Tuttle Pond","Rana catesbeiana",2022-07-18,NA,"A2B2B3"
"2107c1ee-8435-4f7d-9c35-f0c52cd3c93d","2022-07-19 06:25:50 UTC","Tuttle Pond","Rana catesbeiana",2022-07-18,NA,"A2B2B4"
"51004a2b-fd6d-481a-b711-8539b7acedb7","2022-07-19 06:29:17 UTC","Tuttle Pond",NA,2022-07-18,NA,"A2B3B4"
"d8052a0f-28b5-4228-9344-66aedd71cc3f","2022-07-19 06:32:36 UTC","Tuttle Pond","Rana catesbeiana",2022-07-18,NA,"A3B2B3"
"2b4ec524-31e8-4fca-b3d9-b9980781d826","2022-07-19 06:36:05 UTC","Tuttle Pond",NA,2022-07-18,NA,"A3B3B4"
"7ef3c12b-ba4e-4dad-ba00-3e49050be250","2022-07-19 06:38:46 UTC","Tuttle Pond","Rana catesbeiana",2022-07-18,NA,"A4B2B3"
"c99fedfa-9e72-49ce-bd45-3473327df573","2022-07-19 06:40:50 UTC","Tuttle Pond","Rana catesbeiana",2022-07-18,NA,"A4B2B4"
"b3c0e2cb-2049-47a7-8692-9f2ce7f48589","2022-07-19 06:43:07 UTC","Tuttle Pond","Rana pipiens",2022-07-18,"A4",NA
"e52370c3-9542-4a59-95d6-918daa66f460","2022-07-19 06:44:37 UTC","Tuttle Pond","Rana catesbeiana",2022-07-18,NA,"A4B3B4"
"dbb2bf5d-0863-49c9-a38d-f366ec6b281f","2022-07-19 06:46:25 UTC","Tuttle Pond","Rana catesbeiana",2022-07-18,NA,"A3B2B4"
"d579c0bc-12a7-4bb7-9fe3-17a94df1958e","2022-07-19 06:48:30 UTC","Tuttle Pond","Rana catesbeiana",2022-07-18,NA,"A2A3B2B3"
"5224c4e4-868c-4c4f-8d09-b3ef0f1851eb","2022-07-19 06:49:43 UTC","Tuttle Pond","Rana catesbeiana",2022-07-18,NA,"A2A3B2B4"
"d9a14142-86e5-4ec6-9d22-c80a3ad1f139","2022-07-20 02:34:57 UTC","Tuttle Pond","Rana catesbeiana",2022-07-19,NA,"A2A3B4"
"852d84cc-1ed7-4ff9-a2c9-94affcbc2c99","2022-07-20 02:38:21 UTC","Tuttle Pond","Rana catesbeiana",2022-07-19,NA,"A2A3B2"
"203dd823-c30c-4719-a896-61b194ab6551","2022-07-20 02:39:45 UTC","Tuttle Pond","Rana catesbeiana",2022-07-19,NA,"A3A4B3"
"82ed0cc4-0e05-4ad9-a9b6-2239cd131bb4","2022-07-20 02:41:03 UTC","Tuttle Pond","Rana catesbeiana",2022-07-19,"A4B2",NA
"2b4579c5-0270-42aa-a39c-9822df0e3e69","2022-07-20 04:04:34 UTC","Tuttle Pond","Rana pipiens",2022-07-19,"A2",NA
"ae51aeb0-2a65-4209-84f9-a13ee2d9fddf","2022-07-20 04:07:37 UTC","Tuttle Pond","Rana pipiens",2022-07-19,"A3",NA
"abe99295-19d8-4882-8330-7c2ccc291a95","2022-07-20 04:11:18 UTC","Tuttle Pond","Rana catesbeiana",2022-07-19,NA,"A2A3B2B4"
"dd14d105-9f6a-4768-94cf-88681bebfcbc","2022-07-20 04:11:57 UTC","Tuttle Pond","Rana catesbeiana",2022-07-19,"A2A3",NA
"48feca18-2aae-47db-950a-013a23831b7d","2022-07-20 04:12:29 UTC","Tuttle Pond","Rana catesbeiana",2022-07-19,NA,"A2A4B2"
"ab8a5c19-b266-47bc-bf51-f276deaa8d0f","2022-07-20 04:12:56 UTC","Tuttle Pond","Rana catesbeiana",2022-07-19,"A2B3",NA
"b24dedd1-21a4-49b9-a7f8-ad889f6c41d3","2022-07-20 04:13:40 UTC","Tuttle Pond","Rana catesbeiana",2022-07-19,"A4B3",NA
"c38071f6-f2d1-4674-99c0-5611e7c91c53","2022-07-20 04:14:17 UTC","Tuttle Pond","Rana catesbeiana",2022-07-19,"A3B3",NA
"2428f0ae-bb4a-4127-b383-96b14d99cc61","2022-09-10 01:59:25 UTC","Tuttle Pond","Rana catesbeiana",2022-09-09,"A2",NA
"c5563499-5654-4ddd-a123-6d83b88ddafd","2022-09-10 02:13:10 UTC","Tuttle Pond","Rana catesbeiana",2022-09-09,"A2B4",NA
"4866a074-b1c9-4812-b812-bc9aacb030e3","2022-09-11 04:03:55 UTC","RV Pond","Rana catesbeiana",2022-09-10,"A2",NA
"1913511b-97ce-436c-9210-465b27853b00","2022-09-11 04:06:16 UTC","RV Pond","Rana catesbeiana",2022-09-10,"A3",NA
"7efdf353-c5e5-4689-8845-0642642e0e1d","2022-09-11 04:08:15 UTC","RV Pond","Rana catesbeiana",2022-09-10,"A4",NA
"6ef8594a-2b47-40b1-89ec-03fd6cd0f9d1","2022-09-11 04:09:57 UTC","RV Pond","Rana catesbeiana",2022-09-10,"B2",NA
"b4641954-8a90-45e0-8f48-ba8e6e207918","2022-09-11 04:12:17 UTC","RV Pond","Rana catesbeiana",2022-09-10,"B3",NA
"f0c8c54d-2ae1-48a6-8142-6e84d1589624","2022-09-11 04:13:52 UTC","RV Pond","Rana catesbeiana",2022-09-10,"B4",NA
"a471cf4d-e23b-4e02-bfd5-64803d823b66","2022-09-11 04:15:18 UTC","RV Pond","Rana catesbeiana",2022-09-10,"A2A3",NA
"57530180-8d67-472c-9d60-3c1e711def89","2022-09-11 04:17:31 UTC","RV Pond","Rana catesbeiana",2022-09-10,"A2A4",NA
"07433ca6-b714-492e-ab30-cf26c2fef5df","2022-09-11 04:19:45 UTC","RV Pond","Rana catesbeiana",2022-09-10,"A2B2",NA
"f613bef6-e5fb-4571-8036-c26cb583ab5d","2022-09-11 04:21:53 UTC","RV Pond","Rana catesbeiana",2022-09-10,"A2B3",NA
"9914e662-19f0-4945-a9e3-de368d38a275","2022-09-11 04:23:49 UTC","RV Pond","Rana catesbeiana",2022-09-10,"A2B4",NA
