"","X.1","X","fulcrum_id","created_at","fulcrum_parent_id","bag_id","species_capture","species_capture_other","capture_type","capture_type_other","capture_mark_recapture","life_stage","life_stage_other","sex","sex_other","snout_vent_length","body_and_bag_mass","bag_mass","body_mass","bd_swab_tube_id","bacterial_swab_tube_id","mucusome_id","amp_id_1","amp_id_2","amp_id_3","amp_id_4","antibody_id_1","antibody_id_2","antibody_id_3","antibody_id_4","toe_clip_tube_id"
"1",1,1,"4933a997-f8c6-4bd7-9c3a-29a4a28bfaa5","2022-05-06 03:11:57 UTC","81918035-8727-4979-ae70-dd9eb29b3676",NA,"Rana catesbeiana",NA,"New",NA,NA,"Adult",NA,"Female",NA,53.9,19.5,7.2,12.3,NA,NA,NA,NA,NA,NA,NA,NA,NA,NA,NA,NA
"2",2,2,"1c8965b5-0bf7-45c5-9cab-2f9a4d83584b","2022-05-06 03:20:19 UTC","81918035-8727-4979-ae70-dd9eb29b3676",NA,"Rana catesbeiana",NA,"New",NA,NA,"Adult",NA,"Female",NA,135.9,NA,NA,NA,NA,NA,NA,NA,NA,NA,NA,NA,NA,NA,NA,NA
"3",3,3,"143297fb-eecd-4c0d-a6cd-8d202c394cf5","2022-05-06 03:28:19 UTC","81918035-8727-4979-ae70-dd9eb29b3676",NA,"Rana clamitans",NA,NA,NA,NA,"Adult",NA,"Female",NA,74.6,49.5,10,39.5,NA,NA,NA,NA,NA,NA,NA,NA,NA,NA,NA,NA
"4",4,4,"e6f58b1b-ec12-44e8-96b7-fc7b0dd89f88","2022-05-06 03:34:08 UTC","81918035-8727-4979-ae70-dd9eb29b3676",NA,"Rana clamitans",NA,NA,NA,NA,"Adult",NA,"Female",NA,65.5,30,8.3,21.7,NA,NA,NA,NA,NA,NA,NA,NA,NA,NA,NA,NA
"5",5,5,"4bac144c-bad4-420c-be16-8224d1deba01","2022-05-06 03:39:31 UTC","81918035-8727-4979-ae70-dd9eb29b3676",NA,"Rana clamitans",NA,NA,NA,NA,NA,NA,"Female",NA,53.8,19.5,7.3,12.2,NA,NA,NA,NA,NA,NA,NA,NA,NA,NA,NA,NA
"6",6,6,"c16789c8-7663-40a8-bb07-3a5a66bb41dc","2022-05-06 03:44:24 UTC","81918035-8727-4979-ae70-dd9eb29b3676",NA,"Rana catesbeiana",NA,"New",NA,NA,"Adult",NA,"Female",NA,84.4,72,10.2,61.8,NA,NA,NA,NA,NA,NA,NA,NA,NA,NA,NA,NA
"7",7,7,"a95c9939-9497-4a40-a4cb-61e1d2388da6","2022-05-06 03:52:49 UTC","81918035-8727-4979-ae70-dd9eb29b3676",NA,"Rana clamitans",NA,NA,NA,NA,"Adult",NA,"Male",NA,77,61,10.2,50.8,NA,NA,NA,NA,NA,NA,NA,NA,NA,NA,NA,NA
"8",8,8,"9f29312f-80b9-40ed-a26c-13fdc9ffe29c","2022-05-06 03:57:43 UTC","81918035-8727-4979-ae70-dd9eb29b3676",NA,"Rana clamitans",NA,NA,NA,NA,"Adult",NA,"Female",NA,67,38,9.8,28.2,NA,NA,NA,NA,NA,NA,NA,NA,NA,NA,NA,NA
"9",9,9,"dee5814f-c7b1-4ae2-9278-2d4f642d25c2","2022-05-06 04:02:24 UTC","81918035-8727-4979-ae70-dd9eb29b3676",NA,"Rana clamitans",NA,NA,NA,NA,NA,NA,"Female",NA,59.5,26,6.6,19.4,NA,NA,NA,NA,NA,NA,NA,NA,NA,NA,NA,NA
"10",10,10,"c03ba092-406b-430c-bfa6-915c1714eb26","2022-05-06 04:07:55 UTC","81918035-8727-4979-ae70-dd9eb29b3676",NA,"Rana catesbeiana",NA,"New",NA,NA,"Adult",NA,"Male",NA,60.4,27.5,6.8,20.7,NA,NA,NA,NA,NA,NA,NA,NA,NA,NA,NA,NA
"11",11,11,"e1685b88-7c49-401f-b317-f7ac53cbd522","2022-05-06 04:13:54 UTC","81918035-8727-4979-ae70-dd9eb29b3676",NA,"Rana clamitans",NA,NA,NA,NA,"Adult",NA,"Male",NA,73.9,53,8.6,44.4,NA,NA,NA,NA,NA,NA,NA,NA,NA,NA,NA,NA
"12",12,12,"f7b76a20-3c87-4bcf-98b9-282aef63c0bf","2022-05-06 04:18:30 UTC","81918035-8727-4979-ae70-dd9eb29b3676",NA,"Pseudacris crucifer",NA,"New",NA,NA,"Adult",NA,"Male",NA,28.8,7.6,6.2,1.4,NA,NA,NA,NA,NA,NA,NA,NA,NA,NA,NA,NA
"13",13,13,"22f279ac-4cca-40d3-bbc2-ad2befb1be2f","2022-05-06 04:26:09 UTC","81918035-8727-4979-ae70-dd9eb29b3676",NA,"Pseudacris crucifer",NA,"New",NA,NA,"Adult",NA,"Male",NA,28,7.3,6,1.3,NA,NA,NA,NA,NA,NA,NA,NA,NA,NA,NA,NA
"14",14,14,"f9394cd0-4ea9-4667-94c0-c79c5631249d","2022-05-06 04:30:47 UTC","81918035-8727-4979-ae70-dd9eb29b3676",NA,"Pseudacris crucifer",NA,"New",NA,NA,"Adult",NA,"Male",NA,27.2,7.2,6,1.2,NA,NA,NA,NA,NA,NA,NA,NA,NA,NA,NA,NA
"15",15,15,"e0bd653e-09f4-4922-8e31-7c0d16b59e1e","2022-05-06 04:35:45 UTC","81918035-8727-4979-ae70-dd9eb29b3676",NA,"Pseudacris crucifer",NA,"New",NA,NA,"Adult",NA,"Male",NA,30.7,7.9,6.2,1.7,NA,NA,NA,NA,NA,NA,NA,NA,NA,NA,NA,NA
"16",16,16,"64c282ce-8b0b-437c-8265-dd9b567b5c73","2022-05-12 03:05:23 UTC","3334ebd7-54c0-4e18-a80c-abb313f185f1",NA,"Pseudacris crucifer",NA,"New",NA,NA,"Adult",NA,"Male",NA,24.8,3.5,2.5,1,"2022-05-11-admin-pscr1",NA,NA,NA,NA,NA,NA,NA,NA,NA,NA,NA
"17",17,17,"bde5161f-9714-404f-a2d1-b6af95f09a13","2022-05-12 03:16:22 UTC","3334ebd7-54c0-4e18-a80c-abb313f185f1",NA,"Rana catesbeiana",NA,"New",NA,NA,"Juvenile",NA,"Unknown",NA,49.6,15,3.6,11.4,"2022-05-11-admin-raca2",NA,NA,NA,NA,NA,NA,NA,NA,NA,NA,NA
"18",18,18,"5dd5a405-f929-4968-ad9d-a7a5c24c4383","2022-05-12 03:21:37 UTC","3334ebd7-54c0-4e18-a80c-abb313f185f1",NA,"Rana catesbeiana",NA,"New",NA,NA,"Adult",NA,"Female",NA,78.2,58,16.5,41.5,"2022-05-11-admin-raca3",NA,NA,NA,NA,NA,NA,NA,NA,NA,NA,NA
"19",19,19,"2b83d388-4dad-4298-9e53-d196955666a2","2022-05-12 03:27:20 UTC","3334ebd7-54c0-4e18-a80c-abb313f185f1",NA,"Pseudacris crucifer",NA,"New",NA,NA,"Adult",NA,"Male",NA,29,3.7,2.4,1.3,NA,NA,NA,NA,NA,NA,NA,NA,NA,NA,NA,NA
"20",20,20,"c4070a21-c863-4dd5-99d9-156d96499be7","2022-05-12 03:31:58 UTC","3334ebd7-54c0-4e18-a80c-abb313f185f1",NA,"Pseudacris crucifer",NA,"New",NA,NA,"Adult",NA,"Male",NA,26,3.6,2.5,1.1,"2022-05-11-admin-pscr-5",NA,NA,NA,NA,NA,NA,NA,NA,NA,NA,NA
"21",21,21,"35d09a19-d070-414d-93d4-9e82c8f6f23f","2022-05-12 03:36:15 UTC","3334ebd7-54c0-4e18-a80c-abb313f185f1",NA,"Pseudacris crucifer",NA,"New",NA,NA,"Adult",NA,"Male",NA,24.4,3.5,NA,NA,"2022-05-11-admin-pscr6",NA,NA,NA,NA,NA,NA,NA,NA,NA,NA,NA
"22",22,22,"c7f89c9b-f5e7-4865-b240-32a6006b2e03","2022-05-12 03:41:03 UTC","3334ebd7-54c0-4e18-a80c-abb313f185f1",NA,"Rana catesbeiana",NA,"New",NA,NA,"Juvenile",NA,"Unknown",NA,61.6,23.1,3.7,19.4,"2022-05-11-admin-raca7",NA,NA,NA,NA,NA,NA,NA,NA,NA,NA,NA
"23",23,23,"87d17a61-fe51-41ee-91bc-a98e49c8541c","2022-05-12 03:56:22 UTC","3334ebd7-54c0-4e18-a80c-abb313f185f1",NA,"Rana catesbeiana",NA,"New",NA,NA,"Juvenile",NA,"Unknown",NA,54.1,21.5,6.5,15,"2022-05-11-admin-raca8",NA,NA,NA,NA,NA,NA,NA,NA,NA,NA,NA
"24",24,24,"aad5891c-a4ef-416b-9984-4000b2e4d767","2022-05-12 04:04:02 UTC","3334ebd7-54c0-4e18-a80c-abb313f185f1",NA,"Rana catesbeiana",NA,"New",NA,NA,"Juvenile",NA,"Unknown",NA,50.9,16.25,5.5,10.75,"2022-05-11-admin-raca9",NA,NA,NA,NA,NA,NA,NA,NA,NA,NA,NA
"25",25,25,"d878feea-b23b-44d3-948b-a45268e2f453","2022-05-12 04:08:34 UTC","3334ebd7-54c0-4e18-a80c-abb313f185f1",NA,"Rana catesbeiana",NA,"New",NA,NA,"Juvenile",NA,"Unknown",NA,48.1,14,5.25,8.75,"2022-05-11-admin-raca10",NA,NA,NA,NA,NA,NA,NA,NA,NA,NA,NA
"26",26,26,"cf5871c9-7d44-483c-bedd-29ad2cce36af","2022-05-12 04:14:58 UTC","3334ebd7-54c0-4e18-a80c-abb313f185f1",NA,"Rana catesbeiana",NA,"New",NA,NA,"Juvenile",NA,"Unknown",NA,50.3,17,6.5,10.5,"2022-05-11-admin-raca11",NA,NA,NA,NA,NA,NA,NA,NA,NA,NA,NA
"27",27,27,"5654beaa-76ff-4580-baaa-670c3c067cb4","2022-05-12 04:20:56 UTC","3334ebd7-54c0-4e18-a80c-abb313f185f1",NA,"Rana catesbeiana",NA,"New",NA,NA,"Juvenile",NA,NA,NA,51,17.5,7,10.5,"2022-05-11-admin-raca12",NA,NA,NA,NA,NA,NA,NA,NA,NA,NA,NA
"28",28,28,"0de07350-1ce4-41f9-ae8d-08710ed451b0","2022-05-12 04:25:12 UTC","3334ebd7-54c0-4e18-a80c-abb313f185f1",NA,"Rana catesbeiana",NA,"New",NA,NA,"Juvenile",NA,"Unknown",NA,50.5,19.5,10,9.5,"2022-05-11-admin-raca12",NA,NA,NA,NA,NA,NA,NA,NA,NA,NA,NA
"29",29,29,"cead4c76-df95-4854-a900-2ba73cd9db23","2022-05-12 04:30:27 UTC","3334ebd7-54c0-4e18-a80c-abb313f185f1",NA,"Rana clamitans",NA,NA,NA,NA,"Adult",NA,"Male",NA,75.4,52,8,44,"2022-05-11-admin-racl14",NA,NA,NA,NA,NA,NA,NA,NA,NA,NA,NA
"30",30,30,"db5eed7c-615e-4cf0-a00a-d4c0d86d02c3","2022-05-12 04:36:17 UTC","3334ebd7-54c0-4e18-a80c-abb313f185f1",NA,"Rana clamitans",NA,NA,NA,NA,"Adult",NA,"Male",NA,74.7,42,3.5,38.5,"2022-05-11-admin-racl15",NA,NA,NA,NA,NA,NA,NA,NA,NA,NA,NA
"31",31,31,"232cda0a-e057-49c2-9bea-9267a02e9829","2022-05-12 04:40:07 UTC","3334ebd7-54c0-4e18-a80c-abb313f185f1",NA,"Rana clamitans",NA,NA,NA,NA,"Adult",NA,"Female",NA,78.5,54,6,48,"2022-05-11-admin-racl16",NA,NA,NA,NA,NA,NA,NA,NA,NA,NA,NA
"32",32,32,"9aa0d875-4a75-447c-9423-5c98ddcc0183","2022-05-12 04:45:55 UTC","3334ebd7-54c0-4e18-a80c-abb313f185f1",NA,"Rana clamitans",NA,NA,NA,NA,"Adult",NA,"Female",NA,84,69,6,63,"2022-05-11-admin-racl17",NA,NA,NA,NA,NA,NA,NA,NA,NA,NA,NA
"33",33,33,"067c0fe0-8387-4708-ba36-62b261ed2acd","2022-05-12 04:51:48 UTC","3334ebd7-54c0-4e18-a80c-abb313f185f1",NA,"Rana clamitans",NA,NA,NA,NA,"Adult",NA,"Female",NA,60.9,28,7.1,20.9,"2022-05-11-admin-racl18",NA,NA,NA,NA,NA,NA,NA,NA,NA,NA,NA
"34",34,34,"4933a997-f8c6-4bd7-9c3a-29a4a28bfaa5","2022-05-06 03:11:57 UTC","81918035-8727-4979-ae70-dd9eb29b3676",NA,"Rana catesbeiana",NA,"New",NA,NA,"Adult",NA,"Female",NA,53.9,19.5,7.2,12.3,NA,NA,NA,NA,NA,NA,NA,NA,NA,NA,NA,NA
"35",35,35,"1c8965b5-0bf7-45c5-9cab-2f9a4d83584b","2022-05-06 03:20:19 UTC","81918035-8727-4979-ae70-dd9eb29b3676",NA,"Rana catesbeiana",NA,"New",NA,NA,"Adult",NA,"Female",NA,135.9,NA,NA,NA,NA,NA,NA,NA,NA,NA,NA,NA,NA,NA,NA,NA
"36",36,36,"143297fb-eecd-4c0d-a6cd-8d202c394cf5","2022-05-06 03:28:19 UTC","81918035-8727-4979-ae70-dd9eb29b3676",NA,"Rana clamitans",NA,NA,NA,NA,"Adult",NA,"Female",NA,74.6,49.5,10,39.5,NA,NA,NA,NA,NA,NA,NA,NA,NA,NA,NA,NA
"37",37,37,"e6f58b1b-ec12-44e8-96b7-fc7b0dd89f88","2022-05-06 03:34:08 UTC","81918035-8727-4979-ae70-dd9eb29b3676",NA,"Rana clamitans",NA,NA,NA,NA,"Adult",NA,"Female",NA,65.5,30,8.3,21.7,NA,NA,NA,NA,NA,NA,NA,NA,NA,NA,NA,NA
"38",38,38,"4bac144c-bad4-420c-be16-8224d1deba01","2022-05-06 03:39:31 UTC","81918035-8727-4979-ae70-dd9eb29b3676",NA,"Rana clamitans",NA,NA,NA,NA,NA,NA,"Female",NA,53.8,19.5,7.3,12.2,NA,NA,NA,NA,NA,NA,NA,NA,NA,NA,NA,NA
"39",39,39,"c16789c8-7663-40a8-bb07-3a5a66bb41dc","2022-05-06 03:44:24 UTC","81918035-8727-4979-ae70-dd9eb29b3676",NA,"Rana catesbeiana",NA,"New",NA,NA,"Adult",NA,"Female",NA,84.4,72,10.2,61.8,NA,NA,NA,NA,NA,NA,NA,NA,NA,NA,NA,NA
"40",40,40,"a95c9939-9497-4a40-a4cb-61e1d2388da6","2022-05-06 03:52:49 UTC","81918035-8727-4979-ae70-dd9eb29b3676",NA,"Rana clamitans",NA,NA,NA,NA,"Adult",NA,"Male",NA,77,61,10.2,50.8,NA,NA,NA,NA,NA,NA,NA,NA,NA,NA,NA,NA
"41",41,41,"9f29312f-80b9-40ed-a26c-13fdc9ffe29c","2022-05-06 03:57:43 UTC","81918035-8727-4979-ae70-dd9eb29b3676",NA,"Rana clamitans",NA,NA,NA,NA,"Adult",NA,"Female",NA,67,38,9.8,28.2,NA,NA,NA,NA,NA,NA,NA,NA,NA,NA,NA,NA
"42",42,42,"dee5814f-c7b1-4ae2-9278-2d4f642d25c2","2022-05-06 04:02:24 UTC","81918035-8727-4979-ae70-dd9eb29b3676",NA,"Rana clamitans",NA,NA,NA,NA,NA,NA,"Female",NA,59.5,26,6.6,19.4,NA,NA,NA,NA,NA,NA,NA,NA,NA,NA,NA,NA
"43",43,43,"c03ba092-406b-430c-bfa6-915c1714eb26","2022-05-06 04:07:55 UTC","81918035-8727-4979-ae70-dd9eb29b3676",NA,"Rana catesbeiana",NA,"New",NA,NA,"Adult",NA,"Male",NA,60.4,27.5,6.8,20.7,NA,NA,NA,NA,NA,NA,NA,NA,NA,NA,NA,NA
"44",44,44,"e1685b88-7c49-401f-b317-f7ac53cbd522","2022-05-06 04:13:54 UTC","81918035-8727-4979-ae70-dd9eb29b3676",NA,"Rana clamitans",NA,NA,NA,NA,"Adult",NA,"Male",NA,73.9,53,8.6,44.4,NA,NA,NA,NA,NA,NA,NA,NA,NA,NA,NA,NA
"45",45,45,"f7b76a20-3c87-4bcf-98b9-282aef63c0bf","2022-05-06 04:18:30 UTC","81918035-8727-4979-ae70-dd9eb29b3676",NA,"Pseudacris crucifer",NA,"New",NA,NA,"Adult",NA,"Male",NA,28.8,7.6,6.2,1.4,NA,NA,NA,NA,NA,NA,NA,NA,NA,NA,NA,NA
"46",46,46,"22f279ac-4cca-40d3-bbc2-ad2befb1be2f","2022-05-06 04:26:09 UTC","81918035-8727-4979-ae70-dd9eb29b3676",NA,"Pseudacris crucifer",NA,"New",NA,NA,"Adult",NA,"Male",NA,28,7.3,6,1.3,NA,NA,NA,NA,NA,NA,NA,NA,NA,NA,NA,NA
"47",47,47,"f9394cd0-4ea9-4667-94c0-c79c5631249d","2022-05-06 04:30:47 UTC","81918035-8727-4979-ae70-dd9eb29b3676",NA,"Pseudacris crucifer",NA,"New",NA,NA,"Adult",NA,"Male",NA,27.2,7.2,6,1.2,NA,NA,NA,NA,NA,NA,NA,NA,NA,NA,NA,NA
"48",48,48,"e0bd653e-09f4-4922-8e31-7c0d16b59e1e","2022-05-06 04:35:45 UTC","81918035-8727-4979-ae70-dd9eb29b3676",NA,"Pseudacris crucifer",NA,"New",NA,NA,"Adult",NA,"Male",NA,30.7,7.9,6.2,1.7,NA,NA,NA,NA,NA,NA,NA,NA,NA,NA,NA,NA
"49",49,49,"64c282ce-8b0b-437c-8265-dd9b567b5c73","2022-05-12 03:05:23 UTC","3334ebd7-54c0-4e18-a80c-abb313f185f1",NA,"Pseudacris crucifer",NA,"New",NA,NA,"Adult",NA,"Male",NA,24.8,3.5,2.5,1,"2022-05-11-admin-pscr1",NA,NA,NA,NA,NA,NA,NA,NA,NA,NA,NA
"50",50,50,"bde5161f-9714-404f-a2d1-b6af95f09a13","2022-05-12 03:16:22 UTC","3334ebd7-54c0-4e18-a80c-abb313f185f1",NA,"Rana catesbeiana",NA,"New",NA,NA,"Juvenile",NA,"Unknown",NA,49.6,15,3.6,11.4,"2022-05-11-admin-raca2",NA,NA,NA,NA,NA,NA,NA,NA,NA,NA,NA
"51",51,51,"5dd5a405-f929-4968-ad9d-a7a5c24c4383","2022-05-12 03:21:37 UTC","3334ebd7-54c0-4e18-a80c-abb313f185f1",NA,"Rana catesbeiana",NA,"New",NA,NA,"Adult",NA,"Female",NA,78.2,58,16.5,41.5,"2022-05-11-admin-raca3",NA,NA,NA,NA,NA,NA,NA,NA,NA,NA,NA
"52",52,52,"2b83d388-4dad-4298-9e53-d196955666a2","2022-05-12 03:27:20 UTC","3334ebd7-54c0-4e18-a80c-abb313f185f1",NA,"Pseudacris crucifer",NA,"New",NA,NA,"Adult",NA,"Male",NA,29,3.7,2.4,1.3,NA,NA,NA,NA,NA,NA,NA,NA,NA,NA,NA,NA
"53",53,53,"c4070a21-c863-4dd5-99d9-156d96499be7","2022-05-12 03:31:58 UTC","3334ebd7-54c0-4e18-a80c-abb313f185f1",NA,"Pseudacris crucifer",NA,"New",NA,NA,"Adult",NA,"Male",NA,26,3.6,2.5,1.1,"2022-05-11-admin-pscr-5",NA,NA,NA,NA,NA,NA,NA,NA,NA,NA,NA
"54",54,54,"35d09a19-d070-414d-93d4-9e82c8f6f23f","2022-05-12 03:36:15 UTC","3334ebd7-54c0-4e18-a80c-abb313f185f1",NA,"Pseudacris crucifer",NA,"New",NA,NA,"Adult",NA,"Male",NA,24.4,3.5,NA,NA,"2022-05-11-admin-pscr6",NA,NA,NA,NA,NA,NA,NA,NA,NA,NA,NA
"55",55,55,"c7f89c9b-f5e7-4865-b240-32a6006b2e03","2022-05-12 03:41:03 UTC","3334ebd7-54c0-4e18-a80c-abb313f185f1",NA,"Rana catesbeiana",NA,"New",NA,NA,"Juvenile",NA,"Unknown",NA,61.6,23.1,3.7,19.4,"2022-05-11-admin-raca7",NA,NA,NA,NA,NA,NA,NA,NA,NA,NA,NA
"56",56,56,"87d17a61-fe51-41ee-91bc-a98e49c8541c","2022-05-12 03:56:22 UTC","3334ebd7-54c0-4e18-a80c-abb313f185f1",NA,"Rana catesbeiana",NA,"New",NA,NA,"Juvenile",NA,"Unknown",NA,54.1,21.5,6.5,15,"2022-05-11-admin-raca8",NA,NA,NA,NA,NA,NA,NA,NA,NA,NA,NA
"57",57,57,"aad5891c-a4ef-416b-9984-4000b2e4d767","2022-05-12 04:04:02 UTC","3334ebd7-54c0-4e18-a80c-abb313f185f1",NA,"Rana catesbeiana",NA,"New",NA,NA,"Juvenile",NA,"Unknown",NA,50.9,16.25,5.5,10.75,"2022-05-11-admin-raca9",NA,NA,NA,NA,NA,NA,NA,NA,NA,NA,NA
"58",58,58,"d878feea-b23b-44d3-948b-a45268e2f453","2022-05-12 04:08:34 UTC","3334ebd7-54c0-4e18-a80c-abb313f185f1",NA,"Rana catesbeiana",NA,"New",NA,NA,"Juvenile",NA,"Unknown",NA,48.1,14,5.25,8.75,"2022-05-11-admin-raca10",NA,NA,NA,NA,NA,NA,NA,NA,NA,NA,NA
"59",59,59,"cf5871c9-7d44-483c-bedd-29ad2cce36af","2022-05-12 04:14:58 UTC","3334ebd7-54c0-4e18-a80c-abb313f185f1",NA,"Rana catesbeiana",NA,"New",NA,NA,"Juvenile",NA,"Unknown",NA,50.3,17,6.5,10.5,"2022-05-11-admin-raca11",NA,NA,NA,NA,NA,NA,NA,NA,NA,NA,NA
"60",60,60,"5654beaa-76ff-4580-baaa-670c3c067cb4","2022-05-12 04:20:56 UTC","3334ebd7-54c0-4e18-a80c-abb313f185f1",NA,"Rana catesbeiana",NA,"New",NA,NA,"Juvenile",NA,NA,NA,51,17.5,7,10.5,"2022-05-11-admin-raca12",NA,NA,NA,NA,NA,NA,NA,NA,NA,NA,NA
"61",61,61,"0de07350-1ce4-41f9-ae8d-08710ed451b0","2022-05-12 04:25:12 UTC","3334ebd7-54c0-4e18-a80c-abb313f185f1",NA,"Rana catesbeiana",NA,"New",NA,NA,"Juvenile",NA,"Unknown",NA,50.5,19.5,10,9.5,"2022-05-11-admin-raca12",NA,NA,NA,NA,NA,NA,NA,NA,NA,NA,NA
"62",62,62,"cead4c76-df95-4854-a900-2ba73cd9db23","2022-05-12 04:30:27 UTC","3334ebd7-54c0-4e18-a80c-abb313f185f1",NA,"Rana clamitans",NA,NA,NA,NA,"Adult",NA,"Male",NA,75.4,52,8,44,"2022-05-11-admin-racl14",NA,NA,NA,NA,NA,NA,NA,NA,NA,NA,NA
"63",63,63,"db5eed7c-615e-4cf0-a00a-d4c0d86d02c3","2022-05-12 04:36:17 UTC","3334ebd7-54c0-4e18-a80c-abb313f185f1",NA,"Rana clamitans",NA,NA,NA,NA,"Adult",NA,"Male",NA,74.7,42,3.5,38.5,"2022-05-11-admin-racl15",NA,NA,NA,NA,NA,NA,NA,NA,NA,NA,NA
"64",64,64,"232cda0a-e057-49c2-9bea-9267a02e9829","2022-05-12 04:40:07 UTC","3334ebd7-54c0-4e18-a80c-abb313f185f1",NA,"Rana clamitans",NA,NA,NA,NA,"Adult",NA,"Female",NA,78.5,54,6,48,"2022-05-11-admin-racl16",NA,NA,NA,NA,NA,NA,NA,NA,NA,NA,NA
"65",65,65,"9aa0d875-4a75-447c-9423-5c98ddcc0183","2022-05-12 04:45:55 UTC","3334ebd7-54c0-4e18-a80c-abb313f185f1",NA,"Rana clamitans",NA,NA,NA,NA,"Adult",NA,"Female",NA,84,69,6,63,"2022-05-11-admin-racl17",NA,NA,NA,NA,NA,NA,NA,NA,NA,NA,NA
"66",66,66,"067c0fe0-8387-4708-ba36-62b261ed2acd","2022-05-12 04:51:48 UTC","3334ebd7-54c0-4e18-a80c-abb313f185f1",NA,"Rana clamitans",NA,NA,NA,NA,"Adult",NA,"Female",NA,60.9,28,7.1,20.9,"2022-05-11-admin-racl18",NA,NA,NA,NA,NA,NA,NA,NA,NA,NA,NA
"67",67,67,"b15dba78-b522-41d7-b341-b147dff1d3cb","2022-05-12 04:56:31 UTC","3334ebd7-54c0-4e18-a80c-abb313f185f1",NA,NA,"toad sp.",NA,NA,NA,"Adult",NA,"Unknown",NA,53.6,19.5,4.25,15.25,"2022-05-11-admin-toad19",NA,NA,NA,NA,NA,NA,NA,NA,NA,NA,NA
"68",68,68,"4307fcd9-69eb-40a3-9d59-1a99b079e1b9","2022-05-13 02:13:13 UTC","b40a6235-d3a6-498b-8cad-5845d07c5378",NA,"Rana catesbeiana",NA,"New",NA,NA,"Adult",NA,"Male",NA,83,53,6.7,46.3,"2022-05-12-rv-raca1",NA,"2022-05-12-rv-raca1",NA,NA,NA,NA,NA,NA,NA,NA,NA
"69",69,69,"8308d2c9-efbe-4a12-846c-ac50f9b2b6c7","2022-05-13 02:20:41 UTC","b40a6235-d3a6-498b-8cad-5845d07c5378",NA,"Pseudacris crucifer",NA,"New",NA,NA,"Adult",NA,"Male",NA,27.5,4.2,2.7,1.5,"2022-05-12-rv-pscr2",NA,"2022-05-12-rv-pscr2",NA,NA,NA,NA,NA,NA,NA,NA,NA
"70",70,70,"894f2006-f4c3-4def-8512-e2eedb3041af","2022-05-13 02:25:40 UTC","b40a6235-d3a6-498b-8cad-5845d07c5378",NA,"Pseudacris crucifer",NA,"New",NA,NA,"Adult",NA,"Male",NA,26.2,3.6,2.4,1.2,"2022-05-12-rv-pscr3",NA,"2022-05-12-rv-pscr3",NA,NA,NA,NA,NA,NA,NA,NA,NA
"71",71,71,"c8717165-6bc8-4f5e-ad4c-044e56d0fa8c","2022-05-13 02:30:51 UTC","b40a6235-d3a6-498b-8cad-5845d07c5378",NA,"Pseudacris crucifer",NA,"New",NA,NA,"Adult",NA,"Male",NA,27.3,4,2.6,1.4,"2022-05-12-rv-pscr4",NA,"2022-05-12-rv-pscr4",NA,NA,NA,NA,NA,NA,NA,NA,NA
"72",72,72,"4e6d8ccf-01a9-4518-9f6e-df4b144b2ad3","2022-05-13 02:36:05 UTC","b40a6235-d3a6-498b-8cad-5845d07c5378",NA,"Pseudacris crucifer",NA,"New",NA,NA,"Adult",NA,"Male",NA,26.5,3.7,2.4,1.3,"2022-05-12-rv-pscr5",NA,"2022-05-12-rv-pscr5",NA,NA,NA,NA,NA,NA,NA,NA,NA
"73",73,73,"5a30b134-ea2a-487a-ab74-a41e5d6a739d","2022-05-13 02:41:13 UTC","b40a6235-d3a6-498b-8cad-5845d07c5378",NA,"Pseudacris crucifer",NA,"New",NA,NA,"Adult",NA,"Male",NA,25.2,3.4,2.3,1.1,"2022-05-12-rv-pscr6",NA,"2022-05-12-rv-pscr6",NA,NA,NA,NA,NA,NA,NA,NA,NA
"74",74,74,"66279d35-bfe6-45e6-8ce5-aeb50e11cf18","2022-05-13 02:45:08 UTC","b40a6235-d3a6-498b-8cad-5845d07c5378",NA,"Pseudacris crucifer",NA,"New",NA,NA,"Adult",NA,"Male",NA,27,3.5,2.4,1.1,"2022-05-12-rv-pscr7",NA,"2022-05-12-rv-pscr7",NA,NA,NA,NA,NA,NA,NA,NA,NA
"75",75,75,"b0e415eb-9d3b-4aa8-86d2-3d0a886f6a04","2022-05-13 02:49:10 UTC","b40a6235-d3a6-498b-8cad-5845d07c5378",NA,"Pseudacris crucifer",NA,"New",NA,NA,"Adult",NA,"Male",NA,26.5,3.5,2.5,1,"2022-05-12-rv-pscr8",NA,"2022-05-12-rv-pscr8",NA,NA,NA,NA,NA,NA,NA,NA,NA
"76",76,76,"185f02c4-f521-48c2-af1e-20dd6724aaeb","2022-05-13 02:54:04 UTC","b40a6235-d3a6-498b-8cad-5845d07c5378",NA,"Pseudacris crucifer",NA,"New",NA,NA,"Adult",NA,"Male",NA,25,3.1,2.3,0.8,"2022-05-12-rv-pscr9",NA,"2022-05-12-rv-pscr9",NA,NA,NA,NA,NA,NA,NA,NA,NA
"77",77,77,"962079e0-cf02-4fd6-b0d2-a3f5076c96b4","2022-05-13 02:58:43 UTC","b40a6235-d3a6-498b-8cad-5845d07c5378",NA,"Pseudacris crucifer",NA,"New",NA,NA,"Adult",NA,"Male",NA,25.3,3.4,2.4,1,"2022-05-12-rv-pscr10",NA,"2022-05-12-rv-pscr10",NA,NA,NA,NA,NA,NA,NA,NA,NA
"78",78,78,"e39606d7-f651-4ff7-a976-bbe5cf714358","2022-05-13 03:03:56 UTC","b40a6235-d3a6-498b-8cad-5845d07c5378",NA,"Pseudacris crucifer",NA,"New",NA,NA,"Adult",NA,"Male",NA,26.4,3.7,2.5,1.2,"2022-05-12-rv-pscr11",NA,"2022-05-12-rv-pscr11",NA,NA,NA,NA,NA,NA,NA,NA,NA
"79",79,79,"a002f286-1b0a-4d60-869b-caed17a5fb26","2022-05-13 03:08:42 UTC","b40a6235-d3a6-498b-8cad-5845d07c5378",NA,"Pseudacris crucifer",NA,"New",NA,NA,"Adult",NA,"Unknown",NA,21.8,3.1,2.3,0.8,"2022-05-12-rv-pscr12",NA,"2022-05-12-rv-pscr12",NA,NA,NA,NA,NA,NA,NA,NA,NA
"80",80,80,"c7b5ff3d-312e-4306-b2be-52360a66ae5c","2022-05-13 03:13:06 UTC","b40a6235-d3a6-498b-8cad-5845d07c5378",NA,"Pseudacris crucifer",NA,"New",NA,NA,"Adult",NA,"Male",NA,25,3.5,2.5,1,"2022-05-12-rv-pscr13",NA,"2022-05-12-rv-pscr13",NA,NA,NA,NA,NA,NA,NA,NA,NA
"81",81,81,"c3718177-cc07-4595-9af9-a7d6b9c02882","2022-05-13 03:17:32 UTC","b40a6235-d3a6-498b-8cad-5845d07c5378",NA,"Pseudacris crucifer",NA,"New",NA,NA,"Adult",NA,"Male",NA,29,3.7,2.4,1.3,"2022-05-12-rv-pscr14",NA,"2022-05-12-rv-pscr14",NA,NA,NA,NA,NA,NA,NA,NA,NA
"82",82,82,"d7920afd-42c6-4861-a61b-afa1edf524aa","2022-05-13 03:22:05 UTC","b40a6235-d3a6-498b-8cad-5845d07c5378",NA,"Pseudacris crucifer",NA,"New",NA,NA,"Adult",NA,"Male",NA,25.4,3.5,2.5,1,"2022-05-12-rv-pscr15",NA,"2022-05-12-rv-pscr15",NA,NA,NA,NA,NA,NA,NA,NA,NA
"83",83,83,"529c2e86-40bb-449e-b39e-c9ccc5c2673f","2022-05-13 03:26:34 UTC","b40a6235-d3a6-498b-8cad-5845d07c5378",NA,"Pseudacris crucifer",NA,"New",NA,NA,"Adult",NA,"Male",NA,25.6,3.7,2.6,1.1,"2022-05-12-rv-pscr16",NA,"2022-05-12-rv-pscr16",NA,NA,NA,NA,NA,NA,NA,NA,NA
"84",84,84,"898a6e73-59d5-4304-b1c0-3cc276aa82f0","2022-05-13 03:30:35 UTC","b40a6235-d3a6-498b-8cad-5845d07c5378",NA,"Pseudacris crucifer",NA,"New",NA,NA,"Adult",NA,"Male",NA,23.1,3.2,2.1,1.1,"2022-05-12-rv-pscr17",NA,"2022-05-12-rv-pscr17",NA,NA,NA,NA,NA,NA,NA,NA,NA
"85",85,85,"06ef0863-d88e-4e64-9ad2-9f2eb4f9b33f","2022-05-13 03:36:20 UTC","b40a6235-d3a6-498b-8cad-5845d07c5378",NA,"Hyla versicolor",NA,NA,NA,NA,"Adult",NA,"Male",NA,40.8,11.75,5.25,6.5,"2022-05-12-rv-hyve18",NA,NA,NA,NA,NA,NA,NA,NA,NA,NA,NA
"86",86,86,"fd624c8f-c4b8-4241-8a2d-8eff7bc7328d","2022-05-13 03:42:52 UTC","b40a6235-d3a6-498b-8cad-5845d07c5378",NA,"Hyla versicolor",NA,NA,NA,NA,"Adult",NA,"Male",NA,45,14.25,5.5,8.75,"2022-05-12-rv-hyve19",NA,NA,NA,NA,NA,NA,NA,NA,NA,NA,NA
"87",87,87,"1e20bfcb-f81e-46b2-a1c9-a7b1439b6b61","2022-05-13 03:48:25 UTC","b40a6235-d3a6-498b-8cad-5845d07c5378",NA,"Hyla versicolor",NA,NA,NA,NA,"Adult",NA,"Unknown",NA,42.6,11,4.5,6.5,"2022-05-12-rv-hyve20",NA,NA,NA,NA,NA,NA,NA,NA,NA,NA,NA
"88",88,88,"6795ddc8-b62e-4878-b4a7-cd47b1f73d6e","2022-05-13 03:53:38 UTC","b40a6235-d3a6-498b-8cad-5845d07c5378",NA,"Hyla versicolor",NA,NA,NA,NA,"Adult",NA,"Male",NA,42.6,12.25,5.75,6.5,"2022-05-12-rv-hyve21",NA,NA,NA,NA,NA,NA,NA,NA,NA,NA,NA
"89",89,89,"1e857170-c0f6-4068-a650-7381209a1482","2022-05-13 03:58:05 UTC","b40a6235-d3a6-498b-8cad-5845d07c5378",NA,"Hyla versicolor",NA,NA,NA,NA,"Adult",NA,"Male",NA,40.1,11.5,4.5,7,"2022-05-12-rv-hyve22",NA,NA,NA,NA,NA,NA,NA,NA,NA,NA,NA
"90",90,90,"57ccc299-7e25-4585-9222-a0c5beb1a9f8","2022-05-13 04:03:08 UTC","b40a6235-d3a6-498b-8cad-5845d07c5378",NA,"Hyla versicolor",NA,NA,NA,NA,"Adult",NA,"Male",NA,41.5,11.5,4.5,7,"2022-05-12-rv-hyve23",NA,NA,NA,NA,NA,NA,NA,NA,NA,NA,NA
"91",91,91,"330b027b-4bcb-4265-b127-cf0bf163bfdb","2022-05-13 04:07:07 UTC","b40a6235-d3a6-498b-8cad-5845d07c5378",NA,"Hyla versicolor",NA,NA,NA,NA,"Adult",NA,"Male",NA,39,9.25,4.25,5,"2022-05-12-rv-hyve24",NA,NA,NA,NA,NA,NA,NA,NA,NA,NA,NA
"92",92,92,"a48c4081-b77e-4522-8a8b-3068188717cd","2022-05-19 02:30:45 UTC","dfaf9677-e878-48ec-96a3-4e92f6af433a",NA,"Rana catesbeiana",NA,"New",NA,"a28a0a3f-9ded-4d9e-a94b-e193f55322b7","Juvenile",NA,"Unknown",NA,52.1,17.25,5,12.25,"2022-05‐18-admin-raca1","2022-05‐18-admin-raca1","2022-05‐18-admin-raca1",NA,NA,NA,NA,NA,NA,NA,NA,NA
"93",93,93,"4344f066-45eb-45a4-ab06-3e1148a6e1fb","2022-05-19 02:41:49 UTC","dfaf9677-e878-48ec-96a3-4e92f6af433a",NA,"Rana catesbeiana",NA,"New",NA,"b8dab5e4-b042-46a0-8915-b4a2b5a7cc0b","Juvenile",NA,"Unknown",NA,58.6,24.5,8.5,16,"2022-05-18-admin-raca2","2022-05-18-admin-raca2","2022-05-18-admin-raca2",NA,NA,NA,NA,NA,NA,NA,NA,NA
"94",94,94,"51c4fd79-47f7-4f45-be7c-d8b76e90075a","2022-05-19 02:49:24 UTC","dfaf9677-e878-48ec-96a3-4e92f6af433a",NA,"Rana catesbeiana",NA,"New",NA,"d57d7e3a-13e8-420b-8225-605cdd83c87c","Juvenile",NA,"Unknown",NA,46.9,14,4,10,NA,"2022-05-8-admin-raca3","2022-05-8-admin-raca3",NA,NA,NA,NA,NA,NA,NA,NA,NA
"95",95,95,"9297aaee-57ef-4cc3-a595-f53f153eaba7","2022-05-19 02:54:50 UTC","dfaf9677-e878-48ec-96a3-4e92f6af433a",NA,"Rana catesbeiana",NA,"New",NA,"dd43bef5-85d3-4ccc-b614-4a86ce80b0c4","Juvenile",NA,"Unknown",NA,51.2,31,16.72,14.28,"2022-05-18-admin-raca4","2022-05-18-admin-raca4","2022-05-18-admin-raca4",NA,NA,NA,NA,NA,NA,NA,NA,NA
"96",96,96,"e0b39ad0-1695-414b-a2c1-c71ec4e0bcfd","2022-05-19 03:01:53 UTC","dfaf9677-e878-48ec-96a3-4e92f6af433a",NA,"Rana catesbeiana",NA,"New",NA,"2ff33a28-b8b2-4bbe-9e47-b6e9e398ec10","Juvenile",NA,"Unknown",NA,48.6,18,7.5,10.5,"2022-05-18-admin-raca5","2022-05-18-admin-raca5","2022-05-18-admin-raca5",NA,NA,NA,NA,NA,NA,NA,NA,NA
"97",97,97,"e68800a0-11f2-4052-a846-9d1411d9e27d","2022-05-19 03:21:22 UTC","dfaf9677-e878-48ec-96a3-4e92f6af433a",NA,"Rana catesbeiana",NA,"New",NA,"49e58964-2321-4f44-b73c-e5175ae1b952","Juvenile",NA,"Unknown",NA,52.1,22,7,15,"2022-05-18-admin-raca6","2022-05-18-admin-raca6","2022-05-18-admin-raca6",NA,NA,NA,NA,NA,NA,NA,NA,NA
"98",98,98,"f0a87234-58a3-4943-8445-aa01f2a04283","2022-05-19 03:27:42 UTC","dfaf9677-e878-48ec-96a3-4e92f6af433a",NA,"Rana catesbeiana",NA,"New",NA,"30dd0083-d964-449f-826c-06be424e5dcc","Juvenile",NA,"Unknown",NA,48.7,14.5,3.5,11,"2022-05-18-admin-raca7","2022-05-18-admin-raca7","2022-05-18-admin-raca7",NA,NA,NA,NA,NA,NA,NA,NA,NA
"99",99,99,"89597a7b-9383-4af1-b953-411ee5c032e5","2022-05-19 03:45:42 UTC","dfaf9677-e878-48ec-96a3-4e92f6af433a",NA,"Rana catesbeiana",NA,"New",NA,"f45dd78d-7a41-453a-8e4d-9026756900cc","Juvenile",NA,"Unknown",NA,52.3,16,4.25,11.75,"2022-05-18-admin-raca8","2022-05-18-admin-raca8","2022-05-18-admin-raca8",NA,NA,NA,NA,NA,NA,NA,NA,NA
"100",100,100,"d27d6a16-44e5-43a9-8014-0a5c2cabc47d","2022-05-19 03:52:06 UTC","dfaf9677-e878-48ec-96a3-4e92f6af433a",NA,"Rana catesbeiana",NA,"New",NA,"f5e9f600-3eac-4b65-9857-f80710fc8c49","Juvenile",NA,"Unknown",NA,57.1,20.75,4.75,16,"2022-05-18-admin-raca9","2022-05-18-admin-raca9","2022-05-18-admin-raca9",NA,NA,NA,NA,NA,NA,NA,NA,NA
"101",101,101,"6f8afed5-ab62-4f5b-8099-7d5d8638504e","2022-05-19 04:00:24 UTC","dfaf9677-e878-48ec-96a3-4e92f6af433a",NA,"Rana catesbeiana",NA,"New",NA,"e3a5765a-8785-4564-bd2a-129ecb7e7dc2","Juvenile",NA,"Unknown",NA,53.3,16.5,4.3,12.2,"2022-05-18-admin-raca10","2022-05-18-admin-raca10","2022-05-18-admin-raca10",NA,NA,NA,NA,NA,NA,NA,NA,NA
"102",102,102,"d6510212-0b72-492b-8748-1fe228ad2294","2022-05-19 04:06:54 UTC","dfaf9677-e878-48ec-96a3-4e92f6af433a",NA,"Rana catesbeiana",NA,"New",NA,"12eeb9b5-5aee-49c2-8d99-42b48c982ad5","Juvenile",NA,"Unknown",NA,52.6,16,4.5,11.5,"2022-05-18-admin-raca11","2022-05-18-admin-raca11","2022-05-18-admin-raca11",NA,NA,NA,NA,NA,NA,NA,NA,NA
"103",103,103,"ae1e2f38-bbe7-42e3-b47e-85519aebfd2e","2022-05-19 04:13:12 UTC","dfaf9677-e878-48ec-96a3-4e92f6af433a",NA,"Rana catesbeiana",NA,"New",NA,"fe0cc5f7-d57b-4b63-b95b-d0fd4bb44855","Juvenile",NA,"Unknown",NA,51,28,15.25,12.75,"2022-05-18-admin-raca12","2022-05-18-admin-raca12","2022-05-18-admin-raca12",NA,NA,NA,NA,NA,NA,NA,NA,NA
"104",104,104,"238ba853-f522-4150-b529-fc271f6ed55b","2022-05-19 04:19:25 UTC","dfaf9677-e878-48ec-96a3-4e92f6af433a",NA,"Rana catesbeiana",NA,"New",NA,"fc52842b-d6d4-4f9b-8d57-8dfa8742b200","Juvenile",NA,"Unknown",NA,53.6,18.75,4,14.75,"2022-05-18-admin-raca13","2022-05-18-admin-raca13","2022-05-18-admin-raca13",NA,NA,NA,NA,NA,NA,NA,NA,NA
"105",105,105,"bc91c00a-6ca4-4546-872a-5c5ba4639727","2022-05-19 04:25:44 UTC","dfaf9677-e878-48ec-96a3-4e92f6af433a",NA,"Rana catesbeiana",NA,"New",NA,"a768ee4f-560b-4bd6-b6a3-45fe6c52ffaf","Juvenile",NA,"Unknown",NA,62.5,27.5,7,20.5,"2022-05-18-admin-raca14","2022-05-18-admin-raca14","2022-05-18-admin-raca14",NA,NA,NA,NA,NA,NA,NA,NA,NA
"106",106,106,"def45c17-ec90-4dcb-a18d-c8341c0209e9","2022-05-19 04:32:08 UTC","dfaf9677-e878-48ec-96a3-4e92f6af433a",NA,"Rana catesbeiana",NA,"New",NA,"93ed65c4-470f-41b4-86a3-ef532595a753","Juvenile",NA,"Unknown",NA,53.6,20,6,14,"2022-05-18-admin-raca15","2022-05-18-admin-raca15","2022-05-18-admin-raca15",NA,NA,NA,NA,NA,NA,NA,NA,NA
"107",107,107,"82fb4c13-21d5-4b66-b824-c6b5bdf258bc","2022-05-19 04:38:39 UTC","dfaf9677-e878-48ec-96a3-4e92f6af433a",NA,"Rana pipiens",NA,"New",NA,"de26eb8e-30ac-4926-aee6-a5656cb005a0","Adult",NA,"Female",NA,69.8,31,3,28,"2022-05-18‐admin-rapi16","2022-05-18‐admin-rapi16","2022-05-18‐admin-rapi16",NA,NA,NA,NA,NA,NA,NA,NA,NA
"108",108,108,"80b1ac2c-d5b6-46ff-aa4b-534ce742fb4c","2022-05-19 04:48:34 UTC","dfaf9677-e878-48ec-96a3-4e92f6af433a",NA,"Rana pipiens",NA,"New",NA,"ef78ee09-4888-406e-ad3c-0692ea9c6ca5","Adult",NA,"Female",NA,72.9,40,9,31,"2022-05-18-admin-rapi17","2022-05-18-admin-rapi17","2022-05-18-admin-rapi17",NA,NA,NA,NA,NA,NA,NA,NA,NA
"109",109,109,"35437147-2f68-456f-bb0b-bbb78a6fb02e","2022-05-19 04:55:05 UTC","dfaf9677-e878-48ec-96a3-4e92f6af433a",NA,"Rana pipiens",NA,"New",NA,"60aa8635-cc0d-4275-9049-f74cd2be6ea4","Adult",NA,"Female",NA,54.9,14.75,4,10.75,"2022-05-18-admin-rapi18","2022-05-18-admin-rapi18","2022-05-18-admin-rapi18",NA,NA,NA,NA,NA,NA,NA,NA,NA
"110",110,110,"9b8cd36b-64a9-464c-a6fe-51311fe20c2a","2022-05-19 05:01:59 UTC","dfaf9677-e878-48ec-96a3-4e92f6af433a",NA,"Pseudacris crucifer",NA,"New",NA,"ab365a83-e2b4-420f-98a7-094e84c0683a","Adult",NA,"Male",NA,25.8,3.6,2.9,0.7,"2022-05-18-admin-pscr19","2022-05-18-admin-pscr19","2022-05-18-admin-pscr19",NA,NA,NA,NA,NA,NA,NA,NA,NA
"111",111,111,"8cf48cc1-baf2-4b39-b221-a4c0d9abc109","2022-05-19 05:07:55 UTC","dfaf9677-e878-48ec-96a3-4e92f6af433a",NA,"Pseudacris crucifer",NA,"New",NA,"fcc88102-313d-4cad-a6cf-4082fb8b8c49","Adult",NA,"Male",NA,29,4.1,2.8,1.3,"2022-05-18-admin-pscr20","2022-05-18-admin-pscr20","2022-05-18-admin-pscr20",NA,NA,NA,NA,NA,NA,NA,NA,NA
"112",112,112,"fd68f5bf-a099-4615-8234-072ceda4fb75","2022-05-19 05:46:09 UTC","dfaf9677-e878-48ec-96a3-4e92f6af433a",NA,"Rana clamitans",NA,NA,NA,NA,"Adult",NA,"Female",NA,83.2,71,5.8,65.2,"2022-05-18 admin racl #21","2022-05-18 admin racl #21",NA,NA,NA,NA,NA,NA,NA,NA,NA,NA
"113",113,113,"e12fd04a-230c-427d-8b62-8c1c8bcee2c4","2022-05-19 05:55:04 UTC","dfaf9677-e878-48ec-96a3-4e92f6af433a",NA,"Rana clamitans",NA,NA,NA,NA,"Adult",NA,"Female",NA,77.4,57,6.8,50.2,"2022-05-18 admin racl #22","2022-05-18 admin racl #22",NA,NA,NA,NA,NA,NA,NA,NA,NA,NA
"114",114,114,"7f764359-4b4f-4a72-9b96-f11a19a84a23","2022-05-19 06:02:55 UTC","dfaf9677-e878-48ec-96a3-4e92f6af433a",NA,"Rana clamitans",NA,NA,NA,NA,"Adult",NA,"Male",NA,72.9,45,5,40,"2022-05-18 admin racl #23","2022-05-18 admin racl #23",NA,NA,NA,NA,NA,NA,NA,NA,NA,NA
"115",115,115,"82355539-8d16-4c35-941c-e55a192135b1","2022-05-19 06:11:39 UTC","dfaf9677-e878-48ec-96a3-4e92f6af433a",NA,"Bufo americanus",NA,NA,NA,NA,"Adult",NA,"Unknown",NA,58.1,27,4.6,22.4,"2022-05-18 admin Guam #24","2022-05-18 admin Guam #24",NA,NA,NA,NA,NA,NA,NA,NA,NA,NA
"116",116,116,"8783ced0-4029-45c8-9b0c-651645009fe4","2022-05-20 03:13:08 UTC","0f868ee9-f2cf-46f2-93c2-fdaa780b3bef","Bag15","Rana pipiens",NA,"New",NA,"c41fcf0a-adbf-4d4e-b604-d5887b7f0c77","Adult",NA,"Female",NA,57,19.5,4.5,15,"2022-05-19-admin-rapi1","2022-05-19-admin-rapi1","2022-05-19-admin-rapi1",NA,NA,NA,NA,NA,NA,NA,NA,NA
"117",117,117,"13e68922-7766-4fba-9715-a715322d57ef","2022-05-20 03:20:15 UTC","0f868ee9-f2cf-46f2-93c2-fdaa780b3bef","Bag06","Rana pipiens",NA,"New",NA,"4bf16a1b-53e3-4bd9-a7f3-5ce95b789758","Adult",NA,"Female",NA,66.5,26,3.5,22.5,"2022-08-19-admin-rapi2","2022-08-19-admin-rapi2","2022-08-19-admin-rapi2",NA,NA,NA,NA,NA,NA,NA,NA,NA
"118",118,118,"0b07727f-b3ae-4f47-b0e2-17eec067cc0d","2022-05-20 03:26:21 UTC","0f868ee9-f2cf-46f2-93c2-fdaa780b3bef","Bag09","Rana pipiens",NA,"New",NA,"c66d5bf6-5dd6-484d-9579-057a979982d0","Adult",NA,"Female",NA,49.5,12.5,4,8.5,"2022-08-15-admin-rapi3","2022-08-15-admin-rapi3","2022-08-15-admin-rapi3",NA,NA,NA,NA,NA,NA,NA,NA,NA
"119",119,119,"19cbe238-01e7-484b-b888-0d1fe3a4d9cf","2022-05-20 03:30:51 UTC","0f868ee9-f2cf-46f2-93c2-fdaa780b3bef","Bag16","Pseudacris crucifer",NA,"New",NA,"b524ad08-f189-4809-ad1c-4a185c022236","Adult",NA,"Male",NA,25.8,3.8,2.8,1,"2022-05-19-admin-pscr4","2022-05-19-admin-pscr4","2022-05-19-admin-pscr4",NA,NA,NA,NA,NA,NA,NA,NA,NA
"120",120,120,"3a566195-2a25-4aae-83ff-8b5711644a48","2022-05-20 03:38:37 UTC","0f868ee9-f2cf-46f2-93c2-fdaa780b3bef","Bag29","Pseudacris crucifer",NA,"New",NA,"93e1c849-e5cf-4f64-b376-5c6879db98e0","Adult",NA,"Male",NA,26.6,3.9,2.9,1,"2022-05-19-admin-pscr5","2022-05-19-admin-pscr5","2022-05-19-admin-pscr5",NA,NA,NA,NA,NA,NA,NA,NA,NA
"121",121,121,"a9dd0be9-0257-4bf8-bf04-6b588ebf1c27","2022-05-20 03:45:14 UTC","0f868ee9-f2cf-46f2-93c2-fdaa780b3bef","Bag30","Pseudacris crucifer",NA,"New",NA,"1a7147a3-ba34-4098-b308-aba3ae980dbf","Adult",NA,"Male",NA,27.1,3.9,2.9,1,"2022-05-19-admin-pscr6","2022-05-19-admin-pscr6","2022-05-19-admin-pscr6",NA,NA,NA,NA,NA,NA,NA,NA,NA
"122",122,122,"83d87a97-eba4-4e0d-a4cb-0d18f3fecac7","2022-05-20 04:13:06 UTC","0f868ee9-f2cf-46f2-93c2-fdaa780b3bef","Bag14","Rana catesbeiana",NA,"New",NA,"ecf4f86d-c80d-4dca-8844-8415f8720a60","Juvenile",NA,"Unknown",NA,52,18,3.5,14.5,"2022-05-18-admin-raca7","2022-05-18-admin-raca7",NA,NA,NA,NA,NA,NA,NA,NA,NA,NA
"123",123,123,"a8c442f3-185e-43ab-8450-edff5dd1f1e0","2022-05-20 04:18:07 UTC","0f868ee9-f2cf-46f2-93c2-fdaa780b3bef","Bag27","Rana catesbeiana",NA,"New",NA,"ce63171b-8e98-40fe-a62f-9561391bb8a4","Adult",NA,"Female",NA,71,35,3.5,31.5,"2022-05-19-admin-raca8","2022-05-19-admin-raca8",NA,NA,NA,NA,NA,NA,NA,NA,NA,NA
"124",124,124,"f8cf1488-b2e9-495f-a221-d324a79e801a","2022-05-20 04:24:46 UTC","0f868ee9-f2cf-46f2-93c2-fdaa780b3bef","Bag18","Rana catesbeiana",NA,"New",NA,"43d7f751-26b8-4ff2-9d67-0ca3ed089e4b","Juvenile",NA,"Unknown",NA,55.9,19,3.4,15.6,"2022-05-19-admin-raca9","2022-05-19-admin-raca9",NA,NA,NA,NA,NA,NA,NA,NA,NA,NA
"125",125,125,"6fd443ea-0d23-4d81-a2de-414ce7c17eff","2022-05-20 04:28:54 UTC","0f868ee9-f2cf-46f2-93c2-fdaa780b3bef","Bag07","Rana catesbeiana",NA,"New",NA,"faf211aa-8c29-4516-b4a2-b4c430a26029","Juvenile",NA,"Unknown",NA,53,16.25,4.5,11.75,"2022-05-18-admin-raca10","2022-05-18-admin-raca10",NA,NA,NA,NA,NA,NA,NA,NA,NA,NA
"126",126,126,"98f3703e-2c80-4c0f-b3c2-1c0e4d65ee02","2022-05-20 04:32:03 UTC","0f868ee9-f2cf-46f2-93c2-fdaa780b3bef","Bag17","Rana catesbeiana",NA,"New",NA,"2eb1d0b4-9396-4257-9b86-6ec4556a6c3e","Juvenile",NA,"Unknown",NA,57.2,18.5,4,14.5,NA,NA,NA,NA,NA,NA,NA,NA,NA,NA,NA,NA
"127",127,127,"2717ea81-75a9-45af-a47a-875566eacd2e","2022-05-20 05:00:23 UTC","0f868ee9-f2cf-46f2-93c2-fdaa780b3bef","Bag11","Rana catesbeiana",NA,"New",NA,"9223dad1-06dd-4544-8f6c-c1097c404dcd","Juvenile",NA,"Unknown",NA,57.3,23.5,7,16.5,"2022-05-19 admin raca#12","2022-05-19 admin raca#12",NA,NA,NA,NA,NA,NA,NA,NA,NA,NA
"128",128,128,"1d10a605-0ddd-4498-96b5-0cf1b3ce675c","2022-05-20 05:08:08 UTC","0f868ee9-f2cf-46f2-93c2-fdaa780b3bef","Bag19","Rana catesbeiana",NA,"New",NA,"77e70f11-73df-48ae-a528-7f6aa000eac9","Juvenile",NA,"Unknown",NA,52.8,15,3.75,11.25,"2022-05-19 admin #13","2022-05-19 admin #13",NA,NA,NA,NA,NA,NA,NA,NA,NA,NA
"129",129,129,"6dd1d0bf-d4ff-4551-8b45-50a8bddbb40c","2022-05-20 05:13:21 UTC","0f868ee9-f2cf-46f2-93c2-fdaa780b3bef","Bag03","Rana catesbeiana",NA,"New",NA,"cd015c34-b17f-45de-bebc-972aff09cf68","Adult",NA,"Female",NA,66.1,36,4.3,31.7,"2022-05-19 admin raca#11","2022-05-19 admin raca#11",NA,NA,NA,NA,NA,NA,NA,NA,NA,NA
"130",130,130,"36cd19c7-4e68-410a-904e-d85d819242f9","2022-05-20 05:19:25 UTC","0f868ee9-f2cf-46f2-93c2-fdaa780b3bef","Bag10","Rana catesbeiana",NA,"New",NA,"0ece465b-c22f-44ad-a2b3-60b66810106f","Juvenile",NA,"Unknown",NA,56.5,18.25,3.5,14.75,"2022-05-19 admin raca#15","2022-05-19 admin raca#15",NA,NA,NA,NA,NA,NA,NA,NA,NA,NA
"131",131,131,"bac6a695-95f1-4d59-af40-4b01bbafb86f","2022-05-20 05:23:57 UTC","0f868ee9-f2cf-46f2-93c2-fdaa780b3bef","Bag20","Rana catesbeiana",NA,"New",NA,"2ba9fae2-7489-4889-949d-7169c7bb974e","Juvenile",NA,"Unknown",NA,58.6,22.75,4.2,18.55,"2022-05-19 admin raca #16","2022-05-19 admin raca #16",NA,NA,NA,NA,NA,NA,NA,NA,NA,NA
"132",132,132,"b4f8b861-12f0-4987-af52-2ea17b445a20","2022-05-20 05:27:57 UTC","0f868ee9-f2cf-46f2-93c2-fdaa780b3bef","Bag24","Rana catesbeiana",NA,"New",NA,"872ccfa8-29df-44e6-b4a4-49f6bd83a3f6","Juvenile",NA,"Unknown",NA,58.8,18.75,4.25,14.5,"2022-05-19 admin raca#17","2022-05-19 admin raca#17",NA,NA,NA,NA,NA,NA,NA,NA,NA,NA
"133",133,133,"f274f57a-7453-4581-97cb-e83df93401e8","2022-05-20 05:46:30 UTC","0f868ee9-f2cf-46f2-93c2-fdaa780b3bef","Bag12","Rana catesbeiana",NA,"Recapture",NA,"a0841d0b-1197-4fef-beaf-e14eb80f4fcd",NA,NA,NA,NA,47,NA,NA,NA,"2022-05-19 admin raca#18",NA,NA,NA,NA,NA,NA,NA,NA,NA,NA,NA
"134",134,134,"e1176308-929c-424e-84eb-1428b7e3b4b5","2022-05-20 05:56:30 UTC","0f868ee9-f2cf-46f2-93c2-fdaa780b3bef","Bag04","Rana catesbeiana",NA,"Recapture",NA,"c1dcc31c-87eb-4537-9470-356e318b9b19",NA,NA,NA,NA,40.5,NA,NA,NA,"2022-05-19 admin raca#19",NA,NA,NA,NA,NA,NA,NA,NA,NA,NA,NA
"135",135,135,"439612a6-cb7b-432d-b4b8-23f9c1ffbd92","2022-05-20 05:59:34 UTC","0f868ee9-f2cf-46f2-93c2-fdaa780b3bef","Bag26","Rana catesbeiana",NA,"Recapture",NA,"f060d7d9-b62f-4ae9-8d65-cf524a94a307",NA,NA,NA,NA,47.8,NA,NA,NA,"2022-05-19 admin racA#20",NA,NA,NA,NA,NA,NA,NA,NA,NA,NA,NA
"136",136,136,"2ff5512a-bc0c-48ed-9e36-614c25b0fdfb","2022-05-20 06:04:32 UTC","0f868ee9-f2cf-46f2-93c2-fdaa780b3bef","Bag25","Rana catesbeiana",NA,"Recapture",NA,"903d8341-b574-404e-8659-6a7323041bbe",NA,NA,NA,NA,52.9,NA,NA,NA,"2022-05-19 admin raca#21",NA,NA,NA,NA,NA,NA,NA,NA,NA,NA,NA
"137",137,137,"830a9555-886c-4c65-b836-acfa512804ff","2022-05-20 06:10:28 UTC","0f868ee9-f2cf-46f2-93c2-fdaa780b3bef","Bag28","Rana catesbeiana",NA,"Recapture",NA,"357f2934-a97e-420d-9340-df83654030c3",NA,NA,NA,NA,55.6,NA,NA,NA,"2022-05-19 admin raca#22",NA,NA,NA,NA,NA,NA,NA,NA,NA,NA,NA
"138",138,138,"ae4896a5-f395-4168-8dfe-2d5e4c54d33d","2022-05-20 06:13:09 UTC","0f868ee9-f2cf-46f2-93c2-fdaa780b3bef","Bag22","Rana catesbeiana",NA,"Recapture",NA,"8587650d-e715-469e-bec9-3c1727c51ca1",NA,NA,NA,NA,54.2,NA,NA,NA,NA,"2022-05-19 admin raca#23",NA,NA,NA,NA,NA,NA,NA,NA,NA,NA
"139",139,139,"86746c0a-cb0f-470f-81c6-6b9d3375bacb","2022-05-20 06:14:47 UTC","0f868ee9-f2cf-46f2-93c2-fdaa780b3bef","Bag02","Rana catesbeiana",NA,"Recapture",NA,"63928a8b-bc3f-43eb-912a-c0eaf88444d2",NA,NA,NA,NA,51.9,NA,NA,NA,"2022-05-19 admin raca#24",NA,NA,NA,NA,NA,NA,NA,NA,NA,NA,NA
"140",140,140,"551b2fd3-3ad0-4620-b999-9bc6c9ffa650","2022-05-20 06:17:02 UTC","0f868ee9-f2cf-46f2-93c2-fdaa780b3bef","Bag23","Rana catesbeiana",NA,"Recapture",NA,"71643ec1-cc76-4ccd-b969-09f38eda3867",NA,NA,NA,NA,52.3,NA,NA,NA,"2022-05-19 admin raca#25",NA,NA,NA,NA,NA,NA,NA,NA,NA,NA,NA
"141",141,141,"b53cc41f-a561-42dc-bc15-e10fd38e09a3","2022-05-20 06:19:19 UTC","0f868ee9-f2cf-46f2-93c2-fdaa780b3bef","Bag05","Rana catesbeiana",NA,"Recapture",NA,"2765fa30-d94c-4fcb-9343-55b9133d6ebc",NA,NA,NA,NA,48.2,NA,NA,NA,"2022-05-19 admin raca#26",NA,NA,NA,NA,NA,NA,NA,NA,NA,NA,NA
"142",142,142,"db8b8aac-05f5-405b-8171-1084f997bdd5","2022-05-20 06:22:14 UTC","0f868ee9-f2cf-46f2-93c2-fdaa780b3bef","Bag01","Rana pipiens",NA,"Recapture",NA,"0e5ae94d-5bd1-48b2-abd4-cce9c2d9e342",NA,NA,NA,NA,73.5,NA,NA,NA,"2022-05-19 admin rapi#27",NA,NA,NA,NA,NA,NA,NA,NA,NA,NA,NA
"143",143,143,"672da1e1-be40-47ad-94fa-31d44a475837","2022-05-20 06:24:38 UTC","0f868ee9-f2cf-46f2-93c2-fdaa780b3bef","Bag13","Rana pipiens",NA,"Recapture",NA,"85800845-46bf-4672-970d-8c960dd9777c",NA,NA,NA,NA,79.1,NA,NA,NA,"2022-05-19 admin rapi#28",NA,NA,NA,NA,NA,NA,NA,NA,NA,NA,NA
"144",144,144,"52466495-998a-4789-b87b-42cd53c64bc2","2022-05-20 06:26:23 UTC","0f868ee9-f2cf-46f2-93c2-fdaa780b3bef","Bag08","Rana pipiens",NA,"Recapture",NA,"28fa1e78-cc91-4a23-8705-340e7a38a0dd",NA,NA,NA,NA,55.3,NA,NA,NA,"2022-05-19 admin rapi#29",NA,NA,NA,NA,NA,NA,NA,NA,NA,NA,NA
"145",145,145,"a48c4081-b77e-4522-8a8b-3068188717cd","2022-05-19 02:30:45 UTC","dfaf9677-e878-48ec-96a3-4e92f6af433a",NA,"Rana catesbeiana",NA,"New",NA,"a28a0a3f-9ded-4d9e-a94b-e193f55322b7","Juvenile",NA,"Unknown",NA,52.1,17.25,5,12.25,"2022-05‐18-admin-raca1","2022-05‐18-admin-raca1","2022-05‐18-admin-raca1",NA,NA,NA,NA,NA,NA,NA,NA,NA
"146",146,146,"4344f066-45eb-45a4-ab06-3e1148a6e1fb","2022-05-19 02:41:49 UTC","dfaf9677-e878-48ec-96a3-4e92f6af433a",NA,"Rana catesbeiana",NA,"New",NA,"b8dab5e4-b042-46a0-8915-b4a2b5a7cc0b","Juvenile",NA,"Unknown",NA,58.6,24.5,8.5,16,"2022-05-18-admin-raca2","2022-05-18-admin-raca2","2022-05-18-admin-raca2",NA,NA,NA,NA,NA,NA,NA,NA,NA
"147",147,147,"51c4fd79-47f7-4f45-be7c-d8b76e90075a","2022-05-19 02:49:24 UTC","dfaf9677-e878-48ec-96a3-4e92f6af433a",NA,"Rana catesbeiana",NA,"New",NA,"d57d7e3a-13e8-420b-8225-605cdd83c87c","Juvenile",NA,"Unknown",NA,46.9,14,4,10,NA,"2022-05-8-admin-raca3","2022-05-8-admin-raca3",NA,NA,NA,NA,NA,NA,NA,NA,NA
"148",148,148,"9297aaee-57ef-4cc3-a595-f53f153eaba7","2022-05-19 02:54:50 UTC","dfaf9677-e878-48ec-96a3-4e92f6af433a",NA,"Rana catesbeiana",NA,"New",NA,"dd43bef5-85d3-4ccc-b614-4a86ce80b0c4","Juvenile",NA,"Unknown",NA,51.2,31,16.72,14.28,"2022-05-18-admin-raca4","2022-05-18-admin-raca4","2022-05-18-admin-raca4",NA,NA,NA,NA,NA,NA,NA,NA,NA
"149",149,149,"e0b39ad0-1695-414b-a2c1-c71ec4e0bcfd","2022-05-19 03:01:53 UTC","dfaf9677-e878-48ec-96a3-4e92f6af433a",NA,"Rana catesbeiana",NA,"New",NA,"2ff33a28-b8b2-4bbe-9e47-b6e9e398ec10","Juvenile",NA,"Unknown",NA,48.6,18,7.5,10.5,"2022-05-18-admin-raca5","2022-05-18-admin-raca5","2022-05-18-admin-raca5",NA,NA,NA,NA,NA,NA,NA,NA,NA
"150",150,150,"e68800a0-11f2-4052-a846-9d1411d9e27d","2022-05-19 03:21:22 UTC","dfaf9677-e878-48ec-96a3-4e92f6af433a",NA,"Rana catesbeiana",NA,"New",NA,"49e58964-2321-4f44-b73c-e5175ae1b952","Juvenile",NA,"Unknown",NA,52.1,22,7,15,"2022-05-18-admin-raca6","2022-05-18-admin-raca6","2022-05-18-admin-raca6",NA,NA,NA,NA,NA,NA,NA,NA,NA
"151",151,151,"f0a87234-58a3-4943-8445-aa01f2a04283","2022-05-19 03:27:42 UTC","dfaf9677-e878-48ec-96a3-4e92f6af433a",NA,"Rana catesbeiana",NA,"New",NA,"30dd0083-d964-449f-826c-06be424e5dcc","Juvenile",NA,"Unknown",NA,48.7,14.5,3.5,11,"2022-05-18-admin-raca7","2022-05-18-admin-raca7","2022-05-18-admin-raca7",NA,NA,NA,NA,NA,NA,NA,NA,NA
"152",152,152,"89597a7b-9383-4af1-b953-411ee5c032e5","2022-05-19 03:45:42 UTC","dfaf9677-e878-48ec-96a3-4e92f6af433a",NA,"Rana catesbeiana",NA,"New",NA,"f45dd78d-7a41-453a-8e4d-9026756900cc","Juvenile",NA,"Unknown",NA,52.3,16,4.25,11.75,"2022-05-18-admin-raca8","2022-05-18-admin-raca8","2022-05-18-admin-raca8",NA,NA,NA,NA,NA,NA,NA,NA,NA
"153",153,153,"d27d6a16-44e5-43a9-8014-0a5c2cabc47d","2022-05-19 03:52:06 UTC","dfaf9677-e878-48ec-96a3-4e92f6af433a",NA,"Rana catesbeiana",NA,"New",NA,"f5e9f600-3eac-4b65-9857-f80710fc8c49","Juvenile",NA,"Unknown",NA,57.1,20.75,4.75,16,"2022-05-18-admin-raca9","2022-05-18-admin-raca9","2022-05-18-admin-raca9",NA,NA,NA,NA,NA,NA,NA,NA,NA
"154",154,154,"6f8afed5-ab62-4f5b-8099-7d5d8638504e","2022-05-19 04:00:24 UTC","dfaf9677-e878-48ec-96a3-4e92f6af433a",NA,"Rana catesbeiana",NA,"New",NA,"e3a5765a-8785-4564-bd2a-129ecb7e7dc2","Juvenile",NA,"Unknown",NA,53.3,16.5,4.3,12.2,"2022-05-18-admin-raca10","2022-05-18-admin-raca10","2022-05-18-admin-raca10",NA,NA,NA,NA,NA,NA,NA,NA,NA
"155",155,155,"d6510212-0b72-492b-8748-1fe228ad2294","2022-05-19 04:06:54 UTC","dfaf9677-e878-48ec-96a3-4e92f6af433a",NA,"Rana catesbeiana",NA,"New",NA,"12eeb9b5-5aee-49c2-8d99-42b48c982ad5","Juvenile",NA,"Unknown",NA,52.6,16,4.5,11.5,"2022-05-18-admin-raca11","2022-05-18-admin-raca11","2022-05-18-admin-raca11",NA,NA,NA,NA,NA,NA,NA,NA,NA
"156",156,156,"ae1e2f38-bbe7-42e3-b47e-85519aebfd2e","2022-05-19 04:13:12 UTC","dfaf9677-e878-48ec-96a3-4e92f6af433a",NA,"Rana catesbeiana",NA,"New",NA,"fe0cc5f7-d57b-4b63-b95b-d0fd4bb44855","Juvenile",NA,"Unknown",NA,51,28,15.25,12.75,"2022-05-18-admin-raca12","2022-05-18-admin-raca12","2022-05-18-admin-raca12",NA,NA,NA,NA,NA,NA,NA,NA,NA
"157",157,157,"238ba853-f522-4150-b529-fc271f6ed55b","2022-05-19 04:19:25 UTC","dfaf9677-e878-48ec-96a3-4e92f6af433a",NA,"Rana catesbeiana",NA,"New",NA,"fc52842b-d6d4-4f9b-8d57-8dfa8742b200","Juvenile",NA,"Unknown",NA,53.6,18.75,4,14.75,"2022-05-18-admin-raca13","2022-05-18-admin-raca13","2022-05-18-admin-raca13",NA,NA,NA,NA,NA,NA,NA,NA,NA
"158",158,158,"bc91c00a-6ca4-4546-872a-5c5ba4639727","2022-05-19 04:25:44 UTC","dfaf9677-e878-48ec-96a3-4e92f6af433a",NA,"Rana catesbeiana",NA,"New",NA,"a768ee4f-560b-4bd6-b6a3-45fe6c52ffaf","Juvenile",NA,"Unknown",NA,62.5,27.5,7,20.5,"2022-05-18-admin-raca14","2022-05-18-admin-raca14","2022-05-18-admin-raca14",NA,NA,NA,NA,NA,NA,NA,NA,NA
"159",159,159,"def45c17-ec90-4dcb-a18d-c8341c0209e9","2022-05-19 04:32:08 UTC","dfaf9677-e878-48ec-96a3-4e92f6af433a",NA,"Rana catesbeiana",NA,"New",NA,"93ed65c4-470f-41b4-86a3-ef532595a753","Juvenile",NA,"Unknown",NA,53.6,20,6,14,"2022-05-18-admin-raca15","2022-05-18-admin-raca15","2022-05-18-admin-raca15",NA,NA,NA,NA,NA,NA,NA,NA,NA
"160",160,160,"82fb4c13-21d5-4b66-b824-c6b5bdf258bc","2022-05-19 04:38:39 UTC","dfaf9677-e878-48ec-96a3-4e92f6af433a",NA,"Rana pipiens",NA,"New",NA,"de26eb8e-30ac-4926-aee6-a5656cb005a0","Adult",NA,"Female",NA,69.8,31,3,28,"2022-05-18‐admin-rapi16","2022-05-18‐admin-rapi16","2022-05-18‐admin-rapi16",NA,NA,NA,NA,NA,NA,NA,NA,NA
"161",161,161,"80b1ac2c-d5b6-46ff-aa4b-534ce742fb4c","2022-05-19 04:48:34 UTC","dfaf9677-e878-48ec-96a3-4e92f6af433a",NA,"Rana pipiens",NA,"New",NA,"ef78ee09-4888-406e-ad3c-0692ea9c6ca5","Adult",NA,"Female",NA,72.9,40,9,31,"2022-05-18-admin-rapi17","2022-05-18-admin-rapi17","2022-05-18-admin-rapi17",NA,NA,NA,NA,NA,NA,NA,NA,NA
"162",162,162,"35437147-2f68-456f-bb0b-bbb78a6fb02e","2022-05-19 04:55:05 UTC","dfaf9677-e878-48ec-96a3-4e92f6af433a",NA,"Rana pipiens",NA,"New",NA,"60aa8635-cc0d-4275-9049-f74cd2be6ea4","Adult",NA,"Female",NA,54.9,14.75,4,10.75,"2022-05-18-admin-rapi18","2022-05-18-admin-rapi18","2022-05-18-admin-rapi18",NA,NA,NA,NA,NA,NA,NA,NA,NA
"163",163,163,"9b8cd36b-64a9-464c-a6fe-51311fe20c2a","2022-05-19 05:01:59 UTC","dfaf9677-e878-48ec-96a3-4e92f6af433a",NA,"Pseudacris crucifer",NA,"New",NA,"ab365a83-e2b4-420f-98a7-094e84c0683a","Adult",NA,"Male",NA,25.8,3.6,2.9,0.7,"2022-05-18-admin-pscr19","2022-05-18-admin-pscr19","2022-05-18-admin-pscr19",NA,NA,NA,NA,NA,NA,NA,NA,NA
"164",164,164,"8cf48cc1-baf2-4b39-b221-a4c0d9abc109","2022-05-19 05:07:55 UTC","dfaf9677-e878-48ec-96a3-4e92f6af433a",NA,"Pseudacris crucifer",NA,"New",NA,"fcc88102-313d-4cad-a6cf-4082fb8b8c49","Adult",NA,"Male",NA,29,4.1,2.8,1.3,"2022-05-18-admin-pscr20","2022-05-18-admin-pscr20","2022-05-18-admin-pscr20",NA,NA,NA,NA,NA,NA,NA,NA,NA
"165",165,165,"fd68f5bf-a099-4615-8234-072ceda4fb75","2022-05-19 05:46:09 UTC","dfaf9677-e878-48ec-96a3-4e92f6af433a",NA,"Rana clamitans",NA,NA,NA,NA,"Adult",NA,"Female",NA,83.2,71,5.8,65.2,"2022-05-18 admin racl #21","2022-05-18 admin racl #21",NA,NA,NA,NA,NA,NA,NA,NA,NA,NA
"166",166,166,"e12fd04a-230c-427d-8b62-8c1c8bcee2c4","2022-05-19 05:55:04 UTC","dfaf9677-e878-48ec-96a3-4e92f6af433a",NA,"Rana clamitans",NA,NA,NA,NA,"Adult",NA,"Female",NA,77.4,57,6.8,50.2,"2022-05-18 admin racl #22","2022-05-18 admin racl #22",NA,NA,NA,NA,NA,NA,NA,NA,NA,NA
"167",167,167,"7f764359-4b4f-4a72-9b96-f11a19a84a23","2022-05-19 06:02:55 UTC","dfaf9677-e878-48ec-96a3-4e92f6af433a",NA,"Rana clamitans",NA,NA,NA,NA,"Adult",NA,"Male",NA,72.9,45,5,40,"2022-05-18 admin racl #23","2022-05-18 admin racl #23",NA,NA,NA,NA,NA,NA,NA,NA,NA,NA
"168",168,168,"82355539-8d16-4c35-941c-e55a192135b1","2022-05-19 06:11:39 UTC","dfaf9677-e878-48ec-96a3-4e92f6af433a",NA,"Bufo americanus",NA,NA,NA,NA,"Adult",NA,"Unknown",NA,58.1,27,4.6,22.4,"2022-05-18 admin Guam #24","2022-05-18 admin Guam #24",NA,NA,NA,NA,NA,NA,NA,NA,NA,NA
"169",169,169,"68475439-ba59-48ec-aa10-1b79e7912c0e","2022-05-05 03:30:50 UTC","4283096b-b956-4501-974c-3bd729831d91",NA,"Pseudacris crucifer",NA,"New",NA,NA,"Adult",NA,"Male",NA,29,7.6,6,1.6,NA,NA,NA,NA,NA,NA,NA,NA,NA,NA,NA,NA
"170",170,170,"5841098e-d705-4fc3-a8ff-db12ef599788","2022-05-05 03:40:34 UTC","4283096b-b956-4501-974c-3bd729831d91",NA,"Rana catesbeiana",NA,"New",NA,NA,"Juvenile",NA,NA,"Juvenile",50.9,21.9,8.8,13.1,NA,NA,NA,NA,NA,NA,NA,NA,NA,NA,NA,NA
"171",171,171,"88b7d831-d803-42c1-8f94-804c1c9cdae2","2022-05-05 03:50:46 UTC","4283096b-b956-4501-974c-3bd729831d91",NA,"Pseudacris crucifer",NA,"New",NA,NA,"Adult",NA,"Male",NA,27.3,7.4,6,1.4,NA,NA,NA,NA,NA,NA,NA,NA,NA,NA,NA,NA
"172",172,172,"49c45843-77b8-4557-a2e7-ff09fa88efbe","2022-05-05 04:03:25 UTC","4283096b-b956-4501-974c-3bd729831d91",NA,"Rana catesbeiana",NA,"New",NA,NA,"Juvenile",NA,NA,"juvenile",46.1,17.5,7.4,10.1,NA,NA,NA,NA,NA,NA,NA,NA,NA,NA,NA,NA
"173",173,173,"36ae0e88-b6e0-4d74-9f63-a63cd4341799","2022-05-05 04:09:20 UTC","4283096b-b956-4501-974c-3bd729831d91",NA,"Rana clamitans",NA,NA,NA,NA,"Juvenile",NA,NA,"juvenile",42.1,14.9,10,4.9,NA,NA,NA,NA,NA,NA,NA,NA,NA,NA,NA,NA
"174",174,174,"fe4d5e97-b0f1-44c1-8496-1a867b1d93c0","2022-05-20 18:44:57 UTC","51aa8925-2742-4c94-8d52-73a9d3642fc0","Bag17","Pseudacris crucifer",NA,"New",NA,"884e45e1-bee9-4794-9894-0b32ddd3b264","Adult",NA,"Unknown",NA,26.2,3.9,2.9,1,"2022-05-20-admin-pscr1","2022-05-20-admin-pscr1","2022-05-20-admin-pscr1",NA,NA,NA,NA,NA,NA,NA,NA,NA
"175",175,175,"8eecce07-615a-436b-9775-8829b1d6ce68","2022-05-20 18:52:19 UTC","51aa8925-2742-4c94-8d52-73a9d3642fc0","Bag29","Bufo americanus",NA,NA,NA,NA,"Adult",NA,"Unknown",NA,50.3,18.75,4.25,14.5,"2022-05-20 admin buam#2","2022-05-20 admin buam#2",NA,NA,NA,NA,NA,NA,NA,NA,NA,NA
"176",176,176,"44c78b1a-5136-414d-b39b-2f709b61a03c","2022-05-20 18:55:52 UTC","51aa8925-2742-4c94-8d52-73a9d3642fc0","Bag30","Bufo americanus",NA,NA,NA,NA,NA,"unknown","Unknown",NA,31.8,6.5,3.25,3.25,"2022-05-20 admin Buam#3","2022-05-20 admin Buam#3",NA,NA,NA,NA,NA,NA,NA,NA,NA,NA
"177",177,177,"d8e71baf-db5c-4647-b6b4-df04191638ce","2022-05-20 18:59:36 UTC","51aa8925-2742-4c94-8d52-73a9d3642fc0","Bag02","Bufo americanus",NA,NA,NA,NA,NA,"unknown","Unknown",NA,36.1,8,3.25,4.75,"2022-05-20 admin buam#4","2022-05-20 admin buam#4",NA,NA,NA,NA,NA,NA,NA,NA,NA,NA
"178",178,178,"edf935fe-85ed-43c9-bfb2-b575e01683f0","2022-05-20 19:02:15 UTC","51aa8925-2742-4c94-8d52-73a9d3642fc0","Bag01","Bufo americanus",NA,NA,NA,NA,NA,"unknown","Unknown",NA,35.6,6.75,3,3.75,"2022-05-20 admin buam#5","2022-05-20 admin buam#5",NA,NA,NA,NA,NA,NA,NA,NA,NA,NA
"179",179,179,"d40f475f-8a37-445d-ae99-9c28c35266cf","2022-05-20 19:04:48 UTC","51aa8925-2742-4c94-8d52-73a9d3642fc0","Bag05","Bufo americanus",NA,NA,NA,NA,NA,"unknown","Unknown",NA,32.4,6.75,3,3.75,"2022-05-20 admin buam#6","2022-05-20 admin buam#6",NA,NA,NA,NA,NA,NA,NA,NA,NA,NA
"180",180,180,"b6d6e488-2a7d-40b1-87ab-b87c4cdde29d","2022-05-27 03:17:54 UTC","9aad4a3b-4e6e-4328-a845-32a7f1f2fe69","BAG04","Rana catesbeiana",NA,"New",NA,"70fb0551-610d-46ad-ae59-33bffa0a7d14","Adult",NA,"Male",NA,75.8,41,5,36,"BdSwab00001","BacSwab00001","MucBath00001","AMPBath00001",NA,NA,NA,NA,NA,NA,NA,"ToeClip00002"
"181",181,181,"ee815c15-4c47-42f3-ba11-402997ce5fbe","2022-05-27 03:24:46 UTC","9aad4a3b-4e6e-4328-a845-32a7f1f2fe69","BAG32","Rana catesbeiana",NA,"New",NA,"a693e329-f871-4247-8d4d-1ca915832a9e","Adult",NA,"Unknown",NA,60.9,43,20.25,22.75,"BdSwab00002","BacSwab00002","MucBath00002","AMPBath00002",NA,NA,NA,NA,NA,NA,NA,"ToeClip00002"
"182",182,182,"e483c861-4808-4363-8d9a-1e1ea704d216","2022-05-27 03:28:50 UTC","9aad4a3b-4e6e-4328-a845-32a7f1f2fe69","BAG16","Rana catesbeiana",NA,"New",NA,"f152c6ed-4618-4671-ac72-6f573ea37ece","Adult",NA,"Unknown",NA,60.6,27,6.7,20.3,"BdSwab00003","BacSwab00003","MucBath00003","AMPBath00003",NA,NA,NA,NA,NA,NA,NA,"ToeClip00003"
"183",183,183,"21c12763-dec7-410d-aa6a-725694e26f87","2022-05-27 03:35:31 UTC","9aad4a3b-4e6e-4328-a845-32a7f1f2fe69","BAG42","Rana catesbeiana",NA,"New",NA,"830a9d2b-02c3-47cb-bc5b-985a81fd7b2b","Adult",NA,"Male",NA,120.5,200,0,200,"BdSwab00004","BacSwab00004","MucBath00004","AMPBath00004",NA,NA,NA,NA,NA,NA,NA,NA
"184",184,184,"e35cb726-568f-46a1-9740-58a64cb65fc4","2022-05-27 03:40:57 UTC","9aad4a3b-4e6e-4328-a845-32a7f1f2fe69","BAG11","Rana clamitans",NA,NA,NA,NA,"Adult",NA,"Male",NA,77.3,52,4.4,47.6,"BdSwab00005","BacSwab00005",NA,NA,NA,NA,NA,NA,NA,NA,NA,NA
"185",185,185,"93b1f77d-3cac-4f7b-a79a-9518445a69d4","2022-05-27 03:44:30 UTC","9aad4a3b-4e6e-4328-a845-32a7f1f2fe69","BAG10","Rana clamitans",NA,NA,NA,NA,"Juvenile",NA,"Unknown",NA,55.1,20.25,4.2,16.05,"BdSwab00006","BacSwab00006",NA,NA,NA,NA,NA,NA,NA,NA,NA,NA
"186",186,186,"ab4c22f3-73ef-4680-930f-775b73d25c52","2022-05-27 03:48:01 UTC","9aad4a3b-4e6e-4328-a845-32a7f1f2fe69","BAG35","Rana clamitans",NA,NA,NA,NA,"Adult",NA,"Male",NA,57,27,4.1,22.9,"BdSwab00007","BacSwab00007",NA,NA,NA,NA,NA,NA,NA,NA,NA,NA
"187",187,187,"1a74fa3c-58b8-452d-9e7a-94ee5ec2e0c6","2022-05-27 04:40:31 UTC","9aad4a3b-4e6e-4328-a845-32a7f1f2fe69","BAG12","Rana clamitans",NA,NA,NA,NA,"Adult",NA,"Male",NA,62.9,31.5,5,26.5,"BdSwab00008","BacSwab00008",NA,NA,NA,NA,NA,NA,NA,NA,NA,NA
"188",188,188,"34232b33-a843-417b-b69e-4625b8ea7f3e","2022-05-27 04:43:49 UTC","9aad4a3b-4e6e-4328-a845-32a7f1f2fe69","BAG05","Rana clamitans",NA,NA,NA,NA,NA,NA,"Male",NA,69.4,36.5,4.5,32,"BdSwab00009","BacSwab00009",NA,NA,NA,NA,NA,NA,NA,NA,NA,NA
"189",189,189,"b2621a17-8c73-4461-bc3b-e34233d3cc35","2022-05-27 04:47:13 UTC","9aad4a3b-4e6e-4328-a845-32a7f1f2fe69","BAG08","Rana clamitans",NA,NA,NA,NA,"Juvenile",NA,"Unknown",NA,49,11.75,4.5,7.25,"BdSwab00010","BacSwab00010",NA,NA,NA,NA,NA,NA,NA,NA,NA,NA
"190",190,190,"7a0f7889-2a9a-432b-a836-cf6d4bcc2058","2022-05-27 04:50:42 UTC","9aad4a3b-4e6e-4328-a845-32a7f1f2fe69","BAG33","Rana clamitans",NA,NA,NA,NA,"Adult",NA,"Female",NA,85.7,77,7.25,69.75,"BdSwab00011","BacSwab00011",NA,NA,NA,NA,NA,NA,NA,NA,NA,NA
"191",191,191,"a0a3bb6d-4736-469b-85b1-8c780f192433","2022-05-27 04:53:39 UTC","9aad4a3b-4e6e-4328-a845-32a7f1f2fe69","BAG09","Rana clamitans",NA,NA,NA,NA,"Juvenile",NA,"Unknown",NA,59.1,23.75,4.9,18.85,"BdSwab00012","BacSwab00012",NA,NA,NA,NA,NA,NA,NA,NA,NA,NA
"192",192,192,"ec1fa127-6980-47d1-a2e8-60c868f925ea","2022-05-27 04:57:18 UTC","9aad4a3b-4e6e-4328-a845-32a7f1f2fe69","BAG01","Rana clamitans",NA,NA,NA,NA,"Adult",NA,"Female",NA,62.1,24,5.25,18.75,"BdSwab00013","BacSwab00013",NA,NA,NA,NA,NA,NA,NA,NA,NA,NA
"193",193,193,"934650bd-d800-4c04-9d06-e8b893701ec6","2022-05-27 05:00:12 UTC","9aad4a3b-4e6e-4328-a845-32a7f1f2fe69","BAG13","Rana clamitans",NA,NA,NA,NA,"Juvenile",NA,"Unknown",NA,45.6,12.25,4.2,8.05,"BdSwab00014","BacSwab00014",NA,NA,NA,NA,NA,NA,NA,NA,NA,NA
"194",194,194,"404700bb-5efb-4246-8382-7c49ccacf647","2022-05-27 05:04:05 UTC","9aad4a3b-4e6e-4328-a845-32a7f1f2fe69","BAG06","Rana clamitans",NA,NA,NA,NA,"Adult",NA,"Female",NA,60.4,25.5,8,17.5,"BdSwab00015","BacSwab00015",NA,NA,NA,NA,NA,NA,NA,NA,NA,NA
"195",195,195,"ebdc77b1-570d-4e7c-8a27-b1b7513433a5","2022-05-27 05:08:13 UTC","9aad4a3b-4e6e-4328-a845-32a7f1f2fe69","BAG31","Rana clamitans",NA,NA,NA,NA,"Adult",NA,"Female",NA,73,48,5.25,42.75,"BdSwab00016","BacSwab00016",NA,NA,NA,NA,NA,NA,NA,NA,NA,NA
"196",196,196,"bdac0b19-263d-4a14-8c7d-f0c54971243a","2022-05-27 05:13:57 UTC","9aad4a3b-4e6e-4328-a845-32a7f1f2fe69","BAG38","Rana clamitans",NA,NA,NA,NA,"Juvenile",NA,"Unknown",NA,54.9,20.25,3.8,16.45,"BdSwab00017","BacSwab00017",NA,NA,NA,NA,NA,NA,NA,NA,NA,NA
"197",197,197,"b8bcb0d6-09ce-411b-831e-f6f1002c1197","2022-05-27 05:18:50 UTC","9aad4a3b-4e6e-4328-a845-32a7f1f2fe69","BAG02","Rana clamitans",NA,NA,NA,NA,"Adult",NA,"Male",NA,63.7,29.5,5.5,24,"BdSwab00018","BacSwab00018",NA,NA,NA,NA,NA,NA,NA,NA,NA,NA
"198",198,198,"9cd6026e-9001-41d1-a65b-8d0e90740f4b","2022-05-27 05:22:50 UTC","9aad4a3b-4e6e-4328-a845-32a7f1f2fe69","BAG03","Rana clamitans",NA,NA,NA,NA,"Juvenile",NA,"Unknown",NA,56.7,22.5,5,17.5,"BdSwab00019","BacSwab00019",NA,NA,NA,NA,NA,NA,NA,NA,NA,NA
"199",199,199,"1e28bf1e-7e74-4e28-8881-545883099f9c","2022-05-27 05:30:00 UTC","9aad4a3b-4e6e-4328-a845-32a7f1f2fe69","BAG14","Rana clamitans",NA,NA,NA,NA,NA,NA,NA,NA,NA,NA,NA,NA,NA,NA,NA,NA,NA,NA,NA,NA,NA,NA,NA,NA
"200",200,200,"3e582aaa-0d2d-49af-ad64-3dd8baf3aa57","2022-05-27 05:30:10 UTC","9aad4a3b-4e6e-4328-a845-32a7f1f2fe69","BAG15","Rana clamitans",NA,NA,NA,NA,NA,NA,NA,NA,NA,NA,NA,NA,NA,NA,NA,NA,NA,NA,NA,NA,NA,NA,NA,NA
"201",201,201,"3872d052-25b7-4f91-aafc-cf6502300c43","2022-05-27 05:30:15 UTC","9aad4a3b-4e6e-4328-a845-32a7f1f2fe69","BAG22","Rana clamitans",NA,NA,NA,NA,NA,NA,NA,NA,NA,NA,NA,NA,NA,NA,NA,NA,NA,NA,NA,NA,NA,NA,NA,NA
"202",202,202,"ab0a8f93-4101-4b6f-9073-32115572f52a","2022-05-27 05:30:20 UTC","9aad4a3b-4e6e-4328-a845-32a7f1f2fe69","BAG37","Rana clamitans",NA,NA,NA,NA,NA,NA,NA,NA,NA,NA,NA,NA,NA,NA,NA,NA,NA,NA,NA,NA,NA,NA,NA,NA
"203",203,203,"bacd313d-bfbe-41da-b14f-4c9b90b63fbe","2022-05-27 05:30:25 UTC","9aad4a3b-4e6e-4328-a845-32a7f1f2fe69","BAG41","Rana clamitans",NA,NA,NA,NA,NA,NA,NA,NA,NA,NA,NA,NA,NA,NA,NA,NA,NA,NA,NA,NA,NA,NA,NA,NA
"204",204,204,"58fcfd68-1e4f-470a-af5c-edc6b9c1d20d","2022-05-27 05:30:29 UTC","9aad4a3b-4e6e-4328-a845-32a7f1f2fe69","BAG13","Rana clamitans",NA,NA,NA,NA,NA,NA,NA,NA,NA,NA,NA,NA,NA,NA,NA,NA,NA,NA,NA,NA,NA,NA,NA,NA
"205",205,205,"ff5975c7-c465-4fd3-8656-08687d3b89cd","2022-05-27 05:30:33 UTC","9aad4a3b-4e6e-4328-a845-32a7f1f2fe69","BAG49","Rana clamitans",NA,NA,NA,NA,NA,NA,NA,NA,NA,NA,NA,NA,NA,NA,NA,NA,NA,NA,NA,NA,NA,NA,NA,NA
